Booking_ID,no_of_adults,no_of_children,no_of_weekend_nights,no_of_week_nights,type_of_meal_plan,room_type_reserved,lead_time,date,day,month,year,arrival_date,market_segment_type,avg_price_per_room,booking_status
INN00001,2,0,1,2,Meal Plan 1,Room_Type 1,224,10/2/2017,10,02,2017,2017/02/10,Offline,65,Not_Canceled
INN00002,2,0,2,3,Not Selected,Room_Type 1,5,11/6/2018,11,06,2018,2018/06/11,Online,106.68,Not_Canceled
INN00003,1,0,2,1,Meal Plan 1,Room_Type 1,1,28-02-2018,28,02,2018,2018/02/28,Online,60,Canceled
INN00004,2,0,0,2,Meal Plan 1,Room_Type 1,211,20-05-2018,20,05,2018,2018/05/20,Online,100,Canceled
INN00005,2,0,1,1,Not Selected,Room_Type 1,48,4/11/2018,4,11,2018,2018/11/04,Online,94.5,Canceled
INN00006,2,0,0,2,Meal Plan 2,Room_Type 1,346,13-09-2018,13,09,2018,2018/09/13,Online,115,Canceled
INN00007,2,0,1,3,Meal Plan 1,Room_Type 1,34,15-10-2017,15,10,2017,2017/10/15,Online,107.55,Not_Canceled
INN00008,2,0,1,3,Meal Plan 1,Room_Type 4,83,26-12-2018,26,12,2018,2018/12/26,Online,105.61,Not_Canceled
INN00009,3,0,0,4,Meal Plan 1,Room_Type 1,121,7/6/2018,7,06,2018,2018/06/07,Offline,96.9,Not_Canceled
INN00010,2,0,0,5,Meal Plan 1,Room_Type 4,44,18-10-2018,18,10,2018,2018/10/18,Online,133.44,Not_Canceled
INN00011,1,0,1,0,Not Selected,Room_Type 1,0,9/11/2018,9,11,2018,2018/11/09,Online,85.03,Not_Canceled
INN00012,1,0,2,1,Meal Plan 1,Room_Type 4,35,30-04-2018,30,04,2018,2018/04/30,Online,140.4,Not_Canceled
INN00013,2,0,2,1,Not Selected,Room_Type 1,30,26-11-2018,26,11,2018,2018/11/26,Online,88,Canceled
INN00014,1,0,2,0,Meal Plan 1,Room_Type 1,95,20-11-2018,20,11,2018,2018/11/20,Online,90,Canceled
INN00015,2,0,0,2,Meal Plan 1,Room_Type 1,47,20-10-2017,20,10,2017,2017/10/20,Online,94.5,Not_Canceled
INN00016,2,0,0,2,Meal Plan 2,Room_Type 1,256,15-06-2018,15,06,2018,2018/06/15,Online,115,Canceled
INN00017,1,0,1,0,Meal Plan 1,Room_Type 1,0,10/5/2017,10,05,2017,2017/05/10,Offline,96,Not_Canceled
INN00018,2,0,1,3,Not Selected,Room_Type 1,1,8/10/2017,8,10,2017,2017/10/08,Online,96,Not_Canceled
INN00019,2,0,2,2,Meal Plan 1,Room_Type 1,99,30-10-2017,30,10,2017,2017/10/30,Online,65,Canceled
INN00020,2,0,1,0,Meal Plan 1,Room_Type 1,12,10/4/2017,10,04,2017,2017/04/10,Offline,72,Not_Canceled
INN00021,2,0,2,2,Meal Plan 1,Room_Type 1,99,30-10-2017,30,10,2017,2017/10/30,Online,65,Canceled
INN00022,1,0,0,1,Meal Plan 1,Room_Type 1,122,25-11-2018,25,11,2018,2018/11/25,Corporate,67,Not_Canceled
INN00023,2,0,2,4,Meal Plan 1,Room_Type 1,2,20-03-2018,20,03,2018,2018/03/20,Offline,85,Not_Canceled
INN00024,2,0,0,3,Meal Plan 1,Room_Type 1,37,13-10-2018,13,10,2018,2018/10/13,Offline,105,Not_Canceled
INN00025,2,0,2,1,Not Selected,Room_Type 1,130,22-05-2018,22,05,2018,2018/05/22,Online,94.5,Not_Canceled
INN00026,2,0,0,2,Meal Plan 1,Room_Type 1,99,28-04-2018,28,04,2018,2018/04/28,Online,114.3,Not_Canceled
INN00027,2,0,1,1,Meal Plan 1,Room_Type 1,60,21-09-2017,21,09,2017,2017/09/21,Offline,65,Not_Canceled
INN00028,1,0,0,2,Meal Plan 1,Room_Type 4,2,19-05-2018,19,05,2018,2018/05/19,Aviation,110,Canceled
INN00029,1,0,1,2,Meal Plan 1,Room_Type 1,37,11/6/2017,11,06,2017,2017/06/11,Online,37.33,Canceled
INN00030,2,0,0,2,Meal Plan 2,Room_Type 1,56,17-09-2017,17,09,2017,2017/09/17,Offline,82,Not_Canceled
INN00031,2,0,1,1,Meal Plan 1,Room_Type 4,3,19-09-2017,19,09,2017,2017/09/19,Online,177.5,Not_Canceled
INN00032,2,0,2,2,Meal Plan 1,Room_Type 1,107,13-11-2018,13,11,2018,2018/11/13,Online,87.5,Not_Canceled
INN00033,0,2,0,3,Meal Plan 1,Room_Type 2,56,12/7/2018,12,07,2018,2018/07/12,Online,82.44,Not_Canceled
INN00034,2,0,0,1,Not Selected,Room_Type 1,2,1/9/2018,1,09,2018,2018/09/01,Online,69.5,Not_Canceled
INN00035,2,0,0,2,Meal Plan 1,Room_Type 1,72,10/7/2018,10,07,2018,2018/07/10,Offline,85.5,Not_Canceled
INN00036,2,0,0,1,Not Selected,Room_Type 1,23,27-04-2018,27,04,2018,2018/04/27,Online,115,Not_Canceled
INN00037,1,0,2,1,Meal Plan 1,Room_Type 1,34,19-06-2018,19,06,2018,2018/06/19,Online,81,Canceled
INN00038,2,0,0,1,Meal Plan 1,Room_Type 1,289,17-10-2017,17,10,2017,2017/10/17,Offline,67,Not_Canceled
INN00039,2,0,2,3,Not Selected,Room_Type 1,247,19-11-2018,19,11,2018,2018/11/19,Online,63.75,Canceled
INN00040,2,0,2,1,Meal Plan 1,Room_Type 4,186,30-07-2018,30,07,2018,2018/07/30,Online,121.8,Canceled
INN00041,2,0,0,4,Meal Plan 1,Room_Type 1,64,11/1/2018,11,01,2018,2018/01/11,Online,93.6,Not_Canceled
INN00042,2,0,0,2,Meal Plan 1,Room_Type 1,35,21-06-2018,21,06,2018,2018/06/21,Online,102,Not_Canceled
INN00043,3,0,2,1,Meal Plan 1,Room_Type 1,96,4/10/2018,4,10,2018,2018/10/04,Online,121.8,Not_Canceled
INN00044,2,0,1,1,Not Selected,Room_Type 1,41,27-06-2018,27,06,2018,2018/06/27,Online,98.1,Canceled
INN00045,2,0,0,4,Meal Plan 1,Room_Type 4,55,18-11-2017,18,11,2017,2017/11/18,Offline,60,Not_Canceled
INN00046,2,0,0,3,Meal Plan 1,Room_Type 1,146,29-12-2017,29,12,2017,2017/12/29,Offline,75,Not_Canceled
INN00047,1,0,0,2,Meal Plan 1,Room_Type 1,32,20-11-2017,20,11,2017,2017/11/20,Offline,73,Not_Canceled
INN00048,2,0,0,1,Meal Plan 2,Room_Type 1,55,4/6/2018,4,06,2018,2018/06/04,Offline,104,Not_Canceled
INN00049,2,0,0,4,Not Selected,Room_Type 1,57,11/1/2018,11,01,2018,2018/01/11,Online,79.2,Not_Canceled
INN00050,1,0,1,3,Meal Plan 1,Room_Type 4,7,29-12-2018,29,12,2018,2018/12/29,Online,125.8,Not_Canceled
INN00051,1,0,2,5,Not Selected,Room_Type 1,124,30-05-2018,30,05,2018,2018/05/30,Online,87.95,Not_Canceled
INN00052,2,0,2,2,Meal Plan 2,Room_Type 1,169,22-04-2018,22,04,2018,2018/04/22,Online,106,Canceled
INN00053,1,0,1,2,Meal Plan 1,Room_Type 1,6,16-05-2018,16,05,2018,2018/05/16,Online,136.67,Not_Canceled
INN00054,2,0,0,4,Meal Plan 1,Room_Type 4,51,11/11/2017,11,11,2017,2017/11/11,Offline,60,Not_Canceled
INN00055,2,0,1,0,Not Selected,Room_Type 1,13,13-06-2018,13,06,2018,2018/06/13,Online,89,Not_Canceled
INN00056,2,0,1,3,Meal Plan 1,Room_Type 1,100,19-05-2018,19,05,2018,2018/05/19,Online,136,Not_Canceled
INN00057,2,0,0,1,Not Selected,Room_Type 1,139,28-07-2018,28,07,2018,2018/07/28,Online,94.5,Not_Canceled
INN00058,2,0,1,2,Meal Plan 1,Room_Type 1,117,26-12-2018,26,12,2018,2018/12/26,Online,93.6,Not_Canceled
INN00059,2,0,1,4,Meal Plan 1,Room_Type 4,39,20-04-2018,20,04,2018,2018/04/20,Online,120.6,Canceled
INN00060,2,0,0,3,Meal Plan 1,Room_Type 4,86,4/6/2018,4,06,2018,2018/06/04,Online,99.3,Not_Canceled
INN00061,2,2,0,1,Meal Plan 1,Room_Type 6,2,9/2/2018,9,02,2018,2018/02/09,Online,258,Not_Canceled
INN00062,1,0,0,3,Meal Plan 1,Room_Type 4,19,5/3/2018,5,03,2018,2018/03/05,Online,120.12,Not_Canceled
INN00063,1,0,0,2,Meal Plan 1,Room_Type 1,192,24-06-2018,24,06,2018,2018/06/24,Offline,95,Not_Canceled
INN00064,1,0,0,1,Meal Plan 1,Room_Type 1,2,9/10/2017,9,10,2017,2017/10/09,Complementary,0,Not_Canceled
INN00065,2,0,2,1,Meal Plan 1,Room_Type 1,86,18-12-2018,18,12,2018,2018/12/18,Offline,75,Not_Canceled
INN00066,2,0,0,3,Meal Plan 1,Room_Type 4,30,10/5/2018,10,05,2018,2018/05/10,Online,157.5,Not_Canceled
INN00067,2,0,0,2,Meal Plan 1,Room_Type 4,179,6/3/2018,6,03,2018,2018/03/06,Online,97.7,Not_Canceled
INN00068,2,0,0,2,Meal Plan 1,Room_Type 4,26,15-04-2018,15,04,2018,2018/04/15,Online,142,Canceled
INN00069,2,0,0,1,Meal Plan 1,Room_Type 1,55,4/6/2018,4,06,2018,2018/06/04,Offline,80,Not_Canceled
INN00070,2,0,1,2,Meal Plan 1,Room_Type 1,74,25-04-2018,25,04,2018,2018/04/25,Online,85.5,Not_Canceled
INN00071,2,0,0,3,Meal Plan 1,Room_Type 1,143,25-08-2018,25,08,2018,2018/08/25,Offline,100,Not_Canceled
INN00072,2,0,1,0,Not Selected,Room_Type 1,34,14-11-2018,14,11,2018,2018/11/14,Online,88,Not_Canceled
INN00073,2,0,1,1,Meal Plan 1,Room_Type 1,30,29-08-2018,29,08,2018,2018/08/29,Online,122.85,Not_Canceled
INN00074,2,0,0,2,Meal Plan 1,Room_Type 1,177,6/3/2018,6,03,2018,2018/03/06,Online,100,Canceled
INN00075,2,0,2,3,Meal Plan 1,Room_Type 4,34,25-10-2017,25,10,2017,2017/10/25,Offline,75,Not_Canceled
INN00076,2,0,1,4,Meal Plan 1,Room_Type 4,18,3/9/2018,3,09,2018,2018/09/03,Online,116.8,Not_Canceled
INN00077,3,0,1,1,Meal Plan 1,Room_Type 4,267,31-12-2018,31,12,2018,2018/12/31,Online,121.5,Not_Canceled
INN00078,2,0,1,2,Meal Plan 1,Room_Type 1,64,27-06-2018,27,06,2018,2018/06/27,Online,111.9,Not_Canceled
INN00079,3,0,2,5,Meal Plan 1,Room_Type 4,155,28-06-2018,28,06,2018,2018/06/28,Online,121.55,Canceled
INN00080,2,0,0,5,Meal Plan 1,Room_Type 1,46,29-03-2018,29,03,2018,2018/03/29,Offline,75,Not_Canceled
INN00081,2,2,0,2,Meal Plan 1,Room_Type 6,83,4/1/2018,4,01,2018,2018/01/04,Online,159.3,Canceled
INN00082,2,0,0,5,Meal Plan 1,Room_Type 4,128,10/11/2018,10,11,2018,2018/11/10,Online,132.3,Canceled
INN00083,2,0,2,0,Not Selected,Room_Type 1,20,25-12-2018,25,12,2018,2018/12/25,Online,88,Not_Canceled
INN00084,2,0,1,4,Meal Plan 1,Room_Type 4,40,14-03-2018,14,03,2018,2018/03/14,Online,98.82,Not_Canceled
INN00085,2,0,1,2,Meal Plan 1,Room_Type 4,46,3/4/2018,3,04,2018,2018/04/03,Online,98.3,Not_Canceled
INN00086,1,0,1,0,Meal Plan 1,Room_Type 1,1,17-10-2018,17,10,2018,2018/10/17,Online,150,Not_Canceled
INN00087,2,0,2,3,Not Selected,Room_Type 1,196,9/4/2018,9,04,2018,2018/04/09,Online,96.05,Not_Canceled
INN00088,1,0,0,2,Meal Plan 1,Room_Type 1,188,15-06-2018,15,06,2018,2018/06/15,Online,130,Canceled
INN00089,2,0,0,1,Not Selected,Room_Type 1,17,12/10/2018,12,10,2018,2018/10/12,Online,95,Not_Canceled
INN00090,2,0,0,3,Meal Plan 1,Room_Type 5,146,8/9/2018,8,09,2018,2018/09/08,Offline,113.56,Not_Canceled
INN00091,2,0,1,3,Not Selected,Room_Type 1,110,5/5/2018,5,05,2018,2018/05/05,Online,101.58,Not_Canceled
INN00092,2,0,1,2,Meal Plan 1,Room_Type 1,68,18-03-2018,18,03,2018,2018/03/18,Online,105.3,Not_Canceled
INN00093,2,0,2,1,Meal Plan 1,Room_Type 4,73,4/9/2018,4,09,2018,2018/09/04,Online,115.8,Not_Canceled
INN00094,2,0,0,1,Meal Plan 1,Room_Type 4,92,19-05-2018,19,05,2018,2018/05/19,Online,149.4,Not_Canceled
INN00095,2,0,2,5,Meal Plan 1,Room_Type 1,171,30-08-2018,30,08,2018,2018/08/30,Online,111.59,Canceled
INN00096,2,1,0,2,Meal Plan 1,Room_Type 1,134,8/4/2018,8,04,2018,2018/04/08,Online,130.5,Not_Canceled
INN00097,2,0,0,2,Meal Plan 2,Room_Type 1,320,18-08-2018,18,08,2018,2018/08/18,Online,115,Canceled
INN00098,2,0,0,4,Meal Plan 1,Room_Type 1,118,13-04-2018,13,04,2018,2018/04/13,Online,90.95,Not_Canceled
INN00099,2,0,0,3,Meal Plan 1,Room_Type 1,30,17-11-2018,17,11,2018,2018/11/17,Online,76.08,Not_Canceled
INN00100,2,2,1,3,Meal Plan 1,Room_Type 6,30,22-12-2018,22,12,2018,2018/12/22,Online,156.9,Not_Canceled
INN00101,2,0,1,0,Not Selected,Room_Type 1,189,23-10-2018,23,10,2018,2018/10/23,Online,85.5,Not_Canceled
INN00102,3,0,1,2,Meal Plan 1,Room_Type 4,55,13-05-2018,13,05,2018,2018/05/13,Online,159.3,Not_Canceled
INN00103,1,0,0,4,Meal Plan 1,Room_Type 1,55,13-12-2018,13,12,2018,2018/12/13,Online,74.8,Not_Canceled
INN00104,2,0,0,1,Meal Plan 1,Room_Type 1,16,31-10-2017,31,10,2017,2017/10/31,Online,95,Not_Canceled
INN00105,2,0,0,3,Meal Plan 1,Room_Type 1,24,10/8/2017,10,08,2017,2017/08/10,Online,107,Not_Canceled
INN00106,2,0,0,3,Meal Plan 1,Room_Type 1,8,16-02-2018,16,02,2018,2018/02/16,Offline,64,Not_Canceled
INN00107,2,0,1,4,Meal Plan 1,Room_Type 1,10,11/2/2017,11,02,2017,2017/02/11,Online,82.95,Not_Canceled
INN00108,2,0,1,3,Meal Plan 1,Room_Type 4,0,21-09-2017,21,09,2017,2017/09/21,Online,155,Not_Canceled
INN00109,2,0,0,1,Not Selected,Room_Type 1,12,30-06-2018,30,06,2018,2018/06/30,Online,101.68,Not_Canceled
INN00110,2,0,2,1,Meal Plan 1,Room_Type 1,32,9/5/2017,9,05,2017,2017/05/09,Online,94.5,Not_Canceled
INN00111,2,0,0,2,Meal Plan 1,Room_Type 1,182,30-09-2018,30,09,2018,2018/09/30,Online,117.9,Canceled
INN00112,2,0,1,0,Not Selected,Room_Type 1,1,27-06-2018,27,06,2018,2018/06/27,Online,127,Not_Canceled
INN00113,2,0,0,3,Not Selected,Room_Type 1,122,16-06-2018,16,06,2018,2018/06/16,Online,116.1,Not_Canceled
INN00114,2,0,2,3,Meal Plan 1,Room_Type 1,40,30-06-2018,30,06,2018,2018/06/30,Online,117.9,Not_Canceled
INN00115,2,2,2,2,Meal Plan 1,Room_Type 2,116,26-06-2018,26,06,2018,2018/06/26,Online,184.24,Canceled
INN00116,3,0,2,2,Meal Plan 1,Room_Type 4,123,13-08-2018,13,08,2018,2018/08/13,Online,155.7,Not_Canceled
INN00117,3,0,2,5,Meal Plan 1,Room_Type 4,40,22-04-2018,22,04,2018,2018/04/22,Online,135.76,Canceled
INN00118,2,1,2,5,Meal Plan 1,Room_Type 1,105,11/12/2018,11,12,2018,2018/12/11,Online,102.83,Not_Canceled
INN00119,2,0,0,1,Meal Plan 1,Room_Type 1,443,29-04-2018,29,04,2018,2018/04/29,Online,65,Canceled
INN00120,2,0,2,3,Meal Plan 1,Room_Type 1,2,14-11-2017,14,11,2017,2017/11/14,Online,103,Not_Canceled
INN00121,2,0,0,3,Meal Plan 1,Room_Type 1,317,9/1/2018,9,01,2018,2018/01/09,Online,106.2,Canceled
INN00122,2,0,0,2,Meal Plan 2,Room_Type 1,286,16-09-2018,16,09,2018,2018/09/16,Offline,58.5,Not_Canceled
INN00123,2,0,1,3,Meal Plan 1,Room_Type 1,68,3/10/2018,3,10,2018,2018/10/03,Online,73.95,Canceled
INN00124,2,0,0,3,Meal Plan 1,Room_Type 1,148,5/5/2018,5,05,2018,2018/05/05,Online,105.3,Not_Canceled
INN00125,3,0,2,0,Meal Plan 1,Room_Type 4,68,24-04-2018,24,04,2018,2018/04/24,Online,133.2,Not_Canceled
INN00126,2,0,0,2,Meal Plan 1,Room_Type 1,30,30-03-2018,30,03,2018,2018/03/30,Offline,85.5,Not_Canceled
INN00127,1,0,0,1,Meal Plan 1,Room_Type 1,14,11/3/2018,11,03,2018,2018/03/11,Online,112,Canceled
INN00128,2,2,0,2,Meal Plan 1,Room_Type 6,110,14-10-2018,14,10,2018,2018/10/14,Online,190.8,Canceled
INN00129,1,0,2,3,Meal Plan 1,Room_Type 1,117,6/5/2018,6,05,2018,2018/05/06,Offline,110,Not_Canceled
INN00130,2,0,1,4,Meal Plan 1,Room_Type 4,85,13-07-2018,13,07,2018,2018/07/13,Online,91.48,Not_Canceled
INN00131,2,0,0,2,Not Selected,Room_Type 1,1,20-10-2018,20,10,2018,2018/10/20,Online,135,Not_Canceled
INN00132,1,0,1,2,Meal Plan 1,Room_Type 1,25,17-10-2018,17,10,2018,2018/10/17,Online,129,Not_Canceled
INN00133,2,0,2,4,Not Selected,Room_Type 1,289,28-12-2018,28,12,2018,2018/12/28,Online,70.55,Canceled
INN00134,2,0,1,4,Meal Plan 1,Room_Type 4,28,19-10-2017,19,10,2017,2017/10/19,Offline,75,Not_Canceled
INN00135,1,0,0,4,Not Selected,Room_Type 1,80,29-03-2018,29,03,2018,2018/03/29,Online,72.25,Not_Canceled
INN00136,2,0,0,1,Meal Plan 1,Room_Type 4,11,10/9/2017,10,09,2017,2017/09/10,Online,155,Not_Canceled
INN00137,2,1,1,0,Meal Plan 1,Room_Type 1,162,25-07-2018,25,07,2018,2018/07/25,Online,121.5,Canceled
INN00138,2,0,2,5,Meal Plan 1,Room_Type 1,155,28-06-2018,28,06,2018,2018/06/28,Online,90.95,Not_Canceled
INN00139,1,0,2,2,Meal Plan 1,Room_Type 1,82,22-05-2018,22,05,2018,2018/05/22,Online,109.65,Not_Canceled
INN00140,3,0,2,4,Meal Plan 1,Room_Type 4,27,15-04-2018,15,04,2018,2018/04/15,Online,142.72,Canceled
INN00141,1,0,1,2,Meal Plan 1,Room_Type 1,13,5/9/2018,5,09,2018,2018/09/05,Offline,90,Not_Canceled
INN00142,2,0,0,2,Meal Plan 1,Room_Type 1,245,17-06-2018,17,06,2018,2018/06/17,Online,75,Canceled
INN00143,2,0,0,2,Meal Plan 1,Room_Type 1,11,18-11-2018,18,11,2018,2018/11/18,Online,111,Canceled
INN00144,2,0,2,2,Meal Plan 1,Room_Type 1,266,30-10-2018,30,10,2018,2018/10/30,Online,86.7,Not_Canceled
INN00145,2,0,1,0,Meal Plan 1,Room_Type 1,39,28-03-2018,28,03,2018,2018/03/28,Online,117.9,Not_Canceled
INN00146,1,0,0,2,Meal Plan 1,Room_Type 1,13,6/1/2018,6,01,2018,2018/01/06,Complementary,0,Not_Canceled
INN00147,2,0,0,4,Not Selected,Room_Type 1,112,5/4/2018,5,04,2018,2018/04/05,Online,101.58,Not_Canceled
INN00148,2,0,1,2,Not Selected,Room_Type 1,88,4/8/2018,4,08,2018,2018/08/04,Online,58.9,Not_Canceled
INN00149,2,0,0,1,Meal Plan 1,Room_Type 1,56,6/8/2018,6,08,2018,2018/08/06,Offline,120,Not_Canceled
INN00150,2,0,2,3,Meal Plan 1,Room_Type 4,73,4/7/2018,4,07,2018,2018/07/04,Online,107.1,Canceled
INN00151,2,0,1,1,Meal Plan 1,Room_Type 1,80,5/2/2018,5,02,2018,2018/02/05,Online,126.9,Not_Canceled
INN00152,2,0,0,3,Meal Plan 1,Room_Type 4,130,29-09-2018,29,09,2018,2018/09/29,Online,139.5,Canceled
INN00153,2,0,1,3,Not Selected,Room_Type 1,69,4/4/2018,4,04,2018,2018/04/04,Online,80.75,Not_Canceled
INN00154,2,0,0,2,Meal Plan 2,Room_Type 1,273,17-07-2017,17,07,2017,2017/07/17,Online,109,Canceled
INN00155,2,0,0,1,Meal Plan 2,Room_Type 1,55,4/6/2018,4,06,2018,2018/06/04,Offline,104,Not_Canceled
INN00156,1,0,0,3,Meal Plan 1,Room_Type 1,4,11/1/2018,11,01,2018,2018/01/11,Corporate,65,Not_Canceled
INN00157,2,0,0,3,Meal Plan 1,Room_Type 4,97,24-05-2018,24,05,2018,2018/05/24,Online,140.4,Not_Canceled
INN00158,2,0,0,3,Meal Plan 1,Room_Type 1,44,17-02-2018,17,02,2018,2018/02/17,Offline,75,Not_Canceled
INN00159,2,0,0,1,Not Selected,Room_Type 1,31,14-04-2018,14,04,2018,2018/04/14,Online,94.5,Canceled
INN00160,2,0,1,0,Not Selected,Room_Type 1,0,6/5/2018,6,05,2018,2018/05/06,Online,109,Not_Canceled
INN00161,2,0,2,2,Meal Plan 1,Room_Type 1,62,11/12/2018,11,12,2018,2018/12/11,Online,105,Not_Canceled
INN00162,2,0,2,2,Meal Plan 1,Room_Type 4,86,17-04-2018,17,04,2018,2018/04/17,Online,107.95,Not_Canceled
INN00163,3,0,2,2,Meal Plan 1,Room_Type 7,3,10/7/2018,10,07,2018,2018/07/10,Online,215.6,Not_Canceled
INN00164,2,0,1,1,Not Selected,Room_Type 1,197,8/1/2018,8,01,2018,2018/01/08,Online,85.5,Not_Canceled
INN00165,2,0,0,2,Meal Plan 1,Room_Type 1,143,7/12/2018,7,12,2018,2018/12/07,Online,105.3,Not_Canceled
INN00166,1,0,2,1,Meal Plan 2,Room_Type 1,23,1/2/2018,1,02,2018,2018/02/01,Online,1,Not_Canceled
INN00167,2,0,0,2,Meal Plan 1,Room_Type 4,8,15-06-2018,15,06,2018,2018/06/15,Online,156,Canceled
INN00168,1,0,0,2,Meal Plan 1,Room_Type 1,13,16-11-2018,16,11,2018,2018/11/16,Online,73.15,Not_Canceled
INN00169,2,0,1,2,Meal Plan 1,Room_Type 1,280,19-09-2018,19,09,2018,2018/09/19,Online,110,Canceled
INN00170,2,1,1,0,Not Selected,Room_Type 1,11,13-09-2017,13,09,2017,2017/09/13,Online,87.4,Not_Canceled
INN00171,2,0,0,2,Meal Plan 1,Room_Type 1,317,15-09-2018,15,09,2018,2018/09/15,Online,120,Canceled
INN00172,2,0,1,2,Not Selected,Room_Type 1,185,16-12-2018,16,12,2018,2018/12/16,Online,79.2,Canceled
INN00173,2,0,1,3,Meal Plan 1,Room_Type 1,160,30-06-2018,30,06,2018,2018/06/30,Online,90.95,Not_Canceled
INN00174,2,0,0,4,Meal Plan 1,Room_Type 1,104,18-10-2018,18,10,2018,2018/10/18,Online,91.48,Not_Canceled
INN00175,2,1,0,1,Meal Plan 1,Room_Type 1,11,11/5/2018,11,05,2018,2018/05/11,Online,150,Canceled
INN00176,2,0,0,1,Not Selected,Room_Type 1,2,22-03-2018,22,03,2018,2018/03/22,Online,89,Not_Canceled
INN00177,2,0,1,4,Not Selected,Room_Type 1,14,17-08-2018,17,08,2018,2018/08/17,Online,91.43,Not_Canceled
INN00178,2,0,0,2,Meal Plan 1,Room_Type 1,22,20-05-2018,20,05,2018,2018/05/20,Offline,140,Not_Canceled
INN00179,1,1,2,5,Not Selected,Room_Type 1,37,24-10-2017,24,10,2017,2017/10/24,Online,87.78,Not_Canceled
INN00180,2,0,0,2,Meal Plan 2,Room_Type 1,292,21-07-2018,21,07,2018,2018/07/21,Online,115,Canceled
INN00181,2,0,0,3,Meal Plan 1,Room_Type 1,11,9/9/2017,9,09,2017,2017/09/09,Online,80.85,Not_Canceled
INN00182,2,0,1,3,Meal Plan 1,Room_Type 1,86,31-03-2018,31,03,2018,2018/03/31,Online,82.45,Not_Canceled
INN00183,2,0,0,1,Not Selected,Room_Type 1,109,10/11/2018,10,11,2018,2018/11/10,Online,108,Canceled
INN00184,2,0,1,1,Meal Plan 1,Room_Type 4,72,4/2/2018,4,02,2018,2018/02/04,Online,96.3,Not_Canceled
INN00185,2,0,1,5,Meal Plan 1,Room_Type 1,196,22-08-2018,22,08,2018,2018/08/22,Online,99.45,Canceled
INN00186,2,0,0,2,Meal Plan 1,Room_Type 4,56,13-05-2018,13,05,2018,2018/05/13,Online,140.4,Not_Canceled
INN00187,2,0,1,3,Meal Plan 1,Room_Type 1,189,8/8/2018,8,08,2018,2018/08/08,Offline,72.25,Not_Canceled
INN00188,2,0,1,4,Meal Plan 1,Room_Type 4,126,15-08-2018,15,08,2018,2018/08/15,Online,126,Not_Canceled
INN00189,2,0,2,3,Meal Plan 1,Room_Type 1,303,19-08-2018,19,08,2018,2018/08/19,Online,78,Canceled
INN00190,1,0,2,2,Meal Plan 1,Room_Type 4,81,11/6/2018,11,06,2018,2018/06/11,Online,146.6,Not_Canceled
INN00191,2,0,1,2,Meal Plan 1,Room_Type 1,54,10/10/2018,10,10,2018,2018/10/10,Online,118.8,Canceled
INN00192,1,0,0,1,Meal Plan 1,Room_Type 1,15,10/6/2018,10,06,2018,2018/06/10,Online,145,Canceled
INN00193,2,0,0,4,Meal Plan 1,Room_Type 1,86,4/6/2018,4,06,2018,2018/06/04,Online,84.58,Canceled
INN00194,2,0,1,2,Meal Plan 2,Room_Type 1,161,25-03-2018,25,03,2018,2018/03/25,Online,130,Canceled
INN00195,2,0,4,10,Meal Plan 1,Room_Type 4,147,8/3/2018,8,03,2018,2018/03/08,Online,118.88,Canceled
INN00196,2,0,1,2,Meal Plan 1,Room_Type 1,92,30-05-2018,30,05,2018,2018/05/30,Offline,101.52,Not_Canceled
INN00197,2,0,0,1,Meal Plan 1,Room_Type 1,87,9/11/2017,9,11,2017,2017/11/09,Corporate,100,Canceled
INN00198,2,0,2,1,Meal Plan 1,Room_Type 1,109,20-03-2018,20,03,2018,2018/03/20,Offline,58,Not_Canceled
INN00199,2,0,0,4,Meal Plan 1,Room_Type 1,127,23-03-2018,23,03,2018,2018/03/23,Offline,61.5,Not_Canceled
INN00200,2,0,1,2,Meal Plan 2,Room_Type 1,418,26-09-2018,26,09,2018,2018/09/26,Online,107,Canceled
INN00201,2,0,1,4,Not Selected,Room_Type 1,156,24-08-2018,24,08,2018,2018/08/24,Online,87.3,Not_Canceled
INN00202,2,0,0,2,Meal Plan 1,Room_Type 1,80,16-07-2017,16,07,2017,2017/07/16,Online,76.5,Canceled
INN00203,2,0,2,2,Not Selected,Room_Type 1,211,16-12-2018,16,12,2018,2018/12/16,Online,63.75,Canceled
INN00204,2,0,1,2,Meal Plan 1,Room_Type 1,273,13-05-2018,13,05,2018,2018/05/13,Online,95,Canceled
INN00205,2,0,2,1,Meal Plan 1,Room_Type 1,58,19-11-2018,19,11,2018,2018/11/19,Offline,75,Not_Canceled
INN00206,2,0,0,3,Meal Plan 1,Room_Type 1,433,9/8/2018,9,08,2018,2018/08/09,Online,70,Canceled
INN00207,2,0,1,3,Meal Plan 1,Room_Type 1,111,5/2/2018,5,02,2018,2018/02/05,Online,101.58,Not_Canceled
INN00208,2,0,2,3,Meal Plan 1,Room_Type 1,34,21-08-2018,21,08,2018,2018/08/21,Offline,85,Not_Canceled
INN00209,2,0,2,4,Meal Plan 1,Room_Type 1,17,12/3/2018,12,03,2018,2018/03/12,Online,98.39,Not_Canceled
INN00210,1,0,0,0,Meal Plan 1,Room_Type 1,4,27-02-2018,27,02,2018,2018/02/27,Complementary,0,Not_Canceled
INN00211,2,0,0,3,Meal Plan 1,Room_Type 1,6,22-09-2017,22,09,2017,2017/09/22,Online,106.07,Not_Canceled
INN00212,2,0,1,1,Meal Plan 1,Room_Type 1,32,18-07-2018,18,07,2018,2018/07/18,Offline,105,Not_Canceled
INN00213,2,0,0,1,Meal Plan 1,Room_Type 1,4,22-09-2017,22,09,2017,2017/09/22,Online,145,Not_Canceled
INN00214,3,0,2,1,Meal Plan 1,Room_Type 1,195,13-08-2018,13,08,2018,2018/08/13,Online,106.03,Canceled
INN00215,2,0,2,2,Meal Plan 1,Room_Type 1,119,13-08-2018,13,08,2018,2018/08/13,Online,114.3,Not_Canceled
INN00216,1,0,1,1,Not Selected,Room_Type 1,13,12/5/2018,12,05,2018,2018/05/12,Online,88,Not_Canceled
INN00217,2,0,0,2,Meal Plan 1,Room_Type 1,59,15-10-2017,15,10,2017,2017/10/15,Online,89.25,Not_Canceled
INN00218,2,1,2,5,Meal Plan 1,Room_Type 4,78,20-03-2018,20,03,2018,2018/03/20,Online,86.32,Not_Canceled
INN00219,2,0,0,3,Meal Plan 1,Room_Type 1,335,13-10-2018,13,10,2018,2018/10/13,Offline,90,Not_Canceled
INN00220,2,0,2,5,Meal Plan 1,Room_Type 1,103,22-08-2017,22,08,2017,2017/08/22,Online,55.96,Not_Canceled
INN00221,1,0,0,2,Not Selected,Room_Type 1,0,6/8/2018,6,08,2018,2018/08/06,Online,109,Not_Canceled
INN00222,2,0,0,1,Meal Plan 1,Room_Type 1,118,3/1/2018,3,01,2018,2018/01/03,Offline,86,Not_Canceled
INN00223,2,0,1,5,Meal Plan 1,Room_Type 1,56,9/5/2018,9,05,2018,2018/05/09,Online,118.95,Not_Canceled
INN00224,2,0,0,2,Meal Plan 1,Room_Type 1,107,6/10/2018,6,10,2018,2018/10/06,Offline,130,Not_Canceled
INN00225,2,0,1,3,Not Selected,Room_Type 1,70,14-04-2018,14,04,2018,2018/04/14,Online,90.56,Not_Canceled
INN00226,2,0,0,2,Meal Plan 1,Room_Type 1,76,4/1/2018,4,01,2018,2018/01/04,Online,87.3,Not_Canceled
INN00227,2,2,2,2,Meal Plan 1,Room_Type 6,144,27-05-2018,27,05,2018,2018/05/27,Online,177.65,Canceled
INN00228,1,2,2,2,Meal Plan 1,Room_Type 6,4,19-09-2017,19,09,2017,2017/09/19,Online,200.75,Not_Canceled
INN00229,2,1,0,2,Meal Plan 1,Room_Type 1,15,18-03-2018,18,03,2018,2018/03/18,Online,127,Not_Canceled
INN00230,1,0,1,2,Meal Plan 1,Room_Type 1,32,2/5/2018,2,05,2018,2018/05/02,Online,72.9,Canceled
INN00231,3,0,1,1,Meal Plan 1,Room_Type 4,49,5/7/2018,5,07,2018,2018/07/05,Online,159.3,Canceled
INN00232,2,1,1,3,Meal Plan 1,Room_Type 1,77,5/12/2018,5,12,2018,2018/12/05,Online,135.15,Not_Canceled
INN00233,1,0,0,2,Meal Plan 1,Room_Type 1,22,28-10-2018,28,10,2018,2018/10/28,Offline,90,Not_Canceled
INN00234,2,0,1,0,Not Selected,Room_Type 1,0,18-10-2017,18,10,2017,2017/10/18,Online,114,Not_Canceled
INN00235,2,1,0,1,Meal Plan 1,Room_Type 1,58,21-06-2018,21,06,2018,2018/06/21,Online,125.1,Not_Canceled
INN00236,2,0,2,6,Not Selected,Room_Type 1,4,14-08-2017,14,08,2017,2017/08/14,Online,95.13,Not_Canceled
INN00237,2,0,0,2,Meal Plan 1,Room_Type 5,117,29-04-2018,29,04,2018,2018/04/29,Online,105.84,Canceled
INN00238,2,0,1,3,Meal Plan 1,Room_Type 1,36,26-12-2018,26,12,2018,2018/12/26,Online,102,Canceled
INN00239,2,0,2,2,Not Selected,Room_Type 1,35,12/2/2018,12,02,2018,2018/02/12,Online,74.8,Not_Canceled
INN00240,2,0,1,0,Not Selected,Room_Type 1,31,24-04-2018,24,04,2018,2018/04/24,Online,94.5,Canceled
INN00241,2,0,2,4,Not Selected,Room_Type 1,79,16-06-2018,16,06,2018,2018/06/16,Online,120.6,Not_Canceled
INN00242,2,0,1,2,Meal Plan 1,Room_Type 1,1,10/9/2017,10,09,2017,2017/09/10,Online,139.33,Not_Canceled
INN00243,2,0,0,2,Meal Plan 1,Room_Type 1,21,9/3/2017,9,03,2017,2017/03/09,Online,105,Not_Canceled
INN00244,2,0,0,2,Not Selected,Room_Type 1,12,14-09-2018,14,09,2018,2018/09/14,Corporate,100,Not_Canceled
INN00245,2,0,1,0,Meal Plan 1,Room_Type 1,33,2/8/2018,2,08,2018,2018/08/02,Online,80.3,Not_Canceled
INN00246,1,0,0,2,Meal Plan 1,Room_Type 1,164,10/2/2017,10,02,2017,2017/02/10,Offline,100,Not_Canceled
INN00247,2,0,0,3,Meal Plan 1,Room_Type 1,78,24-03-2018,24,03,2018,2018/03/24,Online,105.3,Not_Canceled
INN00248,2,0,0,4,Meal Plan 1,Room_Type 4,18,31-05-2018,31,05,2018,2018/05/31,Online,112.8,Canceled
INN00249,2,0,1,2,Meal Plan 1,Room_Type 1,21,15-08-2018,15,08,2018,2018/08/15,Online,151,Canceled
INN00250,1,0,1,3,Meal Plan 1,Room_Type 1,0,11/9/2017,11,09,2017,2017/09/11,Online,91,Not_Canceled
INN00251,3,0,2,1,Meal Plan 1,Room_Type 4,152,13-08-2018,13,08,2018,2018/08/13,Online,146.7,Canceled
INN00252,2,0,2,3,Meal Plan 1,Room_Type 1,43,10/2/2017,10,02,2017,2017/02/10,Offline,58.4,Not_Canceled
INN00253,2,0,0,4,Not Selected,Room_Type 1,177,26-07-2018,26,07,2018,2018/07/26,Online,80.75,Canceled
INN00254,2,0,1,1,Not Selected,Room_Type 1,47,21-05-2018,21,05,2018,2018/05/21,Offline,76.5,Not_Canceled
INN00255,3,0,0,3,Meal Plan 1,Room_Type 4,57,9/7/2018,9,07,2018,2018/07/09,Online,140.13,Not_Canceled
INN00256,2,0,2,4,Not Selected,Room_Type 1,60,15-11-2017,15,11,2017,2017/11/15,Online,76,Not_Canceled
INN00257,2,0,0,1,Meal Plan 1,Room_Type 1,0,16-09-2017,16,09,2017,2017/09/16,Online,200,Not_Canceled
INN00258,2,0,0,2,Meal Plan 2,Room_Type 1,102,16-10-2017,16,10,2017,2017/10/16,Online,101.5,Canceled
INN00259,2,0,0,3,Not Selected,Room_Type 1,71,18-10-2018,18,10,2018,2018/10/18,Online,108,Not_Canceled
INN00260,3,0,2,3,Meal Plan 2,Room_Type 4,111,23-07-2018,23,07,2018,2018/07/23,Online,189,Not_Canceled
INN00261,3,0,1,1,Meal Plan 1,Room_Type 4,1,6/11/2018,6,11,2018,2018/11/06,Online,166,Not_Canceled
INN00262,2,0,1,1,Not Selected,Room_Type 1,4,16-01-2018,16,01,2018,2018/01/16,Online,67.5,Not_Canceled
INN00263,2,0,1,3,Meal Plan 1,Room_Type 4,25,14-09-2017,14,09,2017,2017/09/14,Online,78.54,Not_Canceled
INN00264,1,0,2,2,Meal Plan 1,Room_Type 1,209,11/6/2018,11,06,2018,2018/06/11,Online,152.1,Canceled
INN00265,1,0,2,1,Meal Plan 1,Room_Type 1,93,15-10-2018,15,10,2018,2018/10/15,Online,115,Canceled
INN00266,2,0,2,5,Not Selected,Room_Type 1,53,9/2/2017,9,02,2017,2017/02/09,Online,66.53,Not_Canceled
INN00267,1,0,0,2,Meal Plan 1,Room_Type 1,1,8/12/2017,8,12,2017,2017/12/08,Complementary,0,Not_Canceled
INN00268,1,0,2,1,Meal Plan 1,Room_Type 1,4,23-08-2017,23,08,2017,2017/08/23,Complementary,0,Not_Canceled
INN00269,2,0,0,3,Meal Plan 1,Room_Type 1,302,29-12-2018,29,12,2018,2018/12/29,Online,90.3,Canceled
INN00270,2,0,0,2,Meal Plan 1,Room_Type 1,122,15-04-2018,15,04,2018,2018/04/15,Offline,85,Not_Canceled
INN00271,1,0,0,1,Meal Plan 1,Room_Type 1,16,3/11/2018,3,11,2018,2018/11/03,Corporate,75,Not_Canceled
INN00272,2,0,2,4,Meal Plan 1,Room_Type 1,28,28-08-2018,28,08,2018,2018/08/28,Online,115.37,Canceled
INN00273,2,0,1,2,Meal Plan 2,Room_Type 1,161,25-03-2018,25,03,2018,2018/03/25,Online,130,Canceled
INN00274,3,0,0,2,Meal Plan 1,Room_Type 4,57,12/9/2018,12,09,2018,2018/09/12,Online,126,Not_Canceled
INN00275,2,0,1,0,Meal Plan 1,Room_Type 1,19,6/12/2018,6,12,2018,2018/12/06,Online,94.35,Not_Canceled
INN00276,3,0,2,4,Meal Plan 1,Room_Type 4,109,7/6/2018,7,06,2018,2018/06/07,Online,118.46,Not_Canceled
INN00277,1,0,0,2,Meal Plan 2,Room_Type 1,239,15-06-2018,15,06,2018,2018/06/15,Online,90.6,Canceled
INN00278,1,0,2,1,Meal Plan 1,Room_Type 1,33,3/5/2018,3,05,2018,2018/05/03,Online,82.9,Not_Canceled
INN00279,2,0,0,3,Meal Plan 1,Room_Type 1,11,18-08-2017,18,08,2017,2017/08/18,Online,95.33,Not_Canceled
INN00280,3,0,2,5,Meal Plan 1,Room_Type 4,40,21-04-2018,21,04,2018,2018/04/21,Online,135.64,Not_Canceled
INN00281,3,0,1,1,Meal Plan 1,Room_Type 4,45,18-06-2018,18,06,2018,2018/06/18,Offline,122.4,Not_Canceled
INN00282,2,0,1,3,Not Selected,Room_Type 1,41,5/9/2018,5,09,2018,2018/09/05,Online,116.1,Canceled
INN00283,2,0,0,4,Not Selected,Room_Type 1,167,28-06-2018,28,06,2018,2018/06/28,Online,62.18,Canceled
INN00284,2,0,0,4,Not Selected,Room_Type 1,62,3/9/2018,3,09,2018,2018/09/03,Online,63.75,Canceled
INN00285,1,0,1,4,Meal Plan 1,Room_Type 1,113,9/7/2018,9,07,2018,2018/07/09,Online,118.8,Canceled
INN00286,2,0,0,2,Not Selected,Room_Type 1,1,8/10/2018,8,10,2018,2018/10/08,Online,167,Not_Canceled
INN00287,2,2,2,2,Meal Plan 1,Room_Type 6,84,13-05-2018,13,05,2018,2018/05/13,Online,187.85,Not_Canceled
INN00288,0,2,2,2,Meal Plan 1,Room_Type 1,68,24-04-2018,24,04,2018,2018/04/24,Online,108.38,Canceled
INN00289,2,0,0,1,Meal Plan 1,Room_Type 2,9,9/7/2018,9,07,2018,2018/07/09,Complementary,0,Not_Canceled
INN00290,3,0,1,2,Meal Plan 1,Room_Type 1,245,28-10-2018,28,10,2018,2018/10/28,Online,128.7,Canceled
INN00291,2,0,1,3,Meal Plan 1,Room_Type 1,80,17-03-2018,17,03,2018,2018/03/17,Online,80.33,Not_Canceled
INN00292,2,0,1,1,Meal Plan 1,Room_Type 1,7,22-08-2018,22,08,2018,2018/08/22,Online,140,Canceled
INN00293,2,1,1,1,Meal Plan 1,Room_Type 1,128,8/8/2017,8,08,2017,2017/08/08,Online,76.5,Not_Canceled
INN00294,2,0,2,1,Meal Plan 1,Room_Type 1,100,5/1/2018,5,01,2018,2018/01/05,Online,105.3,Not_Canceled
INN00295,2,0,2,1,Meal Plan 1,Room_Type 1,118,4/3/2018,4,03,2018,2018/03/04,Online,87.3,Canceled
INN00296,1,0,0,3,Meal Plan 1,Room_Type 1,166,11/1/2018,11,01,2018,2018/01/11,Online,110,Canceled
INN00297,1,0,0,1,Meal Plan 2,Room_Type 1,41,9/4/2017,9,04,2017,2017/04/09,Offline,83,Not_Canceled
INN00298,2,0,2,2,Meal Plan 1,Room_Type 1,174,13-08-2018,13,08,2018,2018/08/13,Online,99.45,Not_Canceled
INN00299,2,1,2,1,Meal Plan 2,Room_Type 1,27,27-12-2017,27,12,2017,2017/12/27,Offline,104.5,Not_Canceled
INN00300,2,0,2,6,Meal Plan 1,Room_Type 1,2,16-11-2018,16,11,2018,2018/11/16,Online,92.54,Not_Canceled
INN00301,1,0,0,3,Meal Plan 1,Room_Type 1,37,13-10-2018,13,10,2018,2018/10/13,Offline,95,Not_Canceled
INN00302,1,0,0,2,Meal Plan 1,Room_Type 1,188,15-06-2018,15,06,2018,2018/06/15,Online,130,Canceled
INN00303,2,0,2,1,Meal Plan 1,Room_Type 1,68,1/2/2018,1,02,2018,2018/02/01,Offline,63,Not_Canceled
INN00304,2,0,1,2,Meal Plan 1,Room_Type 4,189,28-10-2018,28,10,2018,2018/10/28,Online,109.8,Canceled
INN00305,2,0,1,0,Meal Plan 1,Room_Type 1,10,16-05-2018,16,05,2018,2018/05/16,Online,103,Not_Canceled
INN00306,3,0,2,1,Meal Plan 1,Room_Type 4,19,20-02-2018,20,02,2018,2018/02/20,Online,130,Not_Canceled
INN00307,2,0,0,2,Meal Plan 1,Room_Type 1,61,23-03-2018,23,03,2018,2018/03/23,Online,117,Canceled
INN00308,2,0,0,4,Meal Plan 1,Room_Type 4,95,29-12-2017,29,12,2017,2017/12/29,Offline,60.5,Not_Canceled
INN00309,2,0,0,1,Meal Plan 2,Room_Type 1,83,30-09-2017,30,09,2017,2017/09/30,Offline,112.2,Not_Canceled
INN00310,2,0,1,3,Meal Plan 1,Room_Type 1,37,8/1/2018,8,01,2018,2018/01/08,Online,135.9,Canceled
INN00311,2,0,1,0,Meal Plan 1,Room_Type 1,19,25-07-2018,25,07,2018,2018/07/25,Online,151,Canceled
INN00312,2,2,0,2,Meal Plan 1,Room_Type 6,22,16-09-2018,16,09,2018,2018/09/16,Online,239,Not_Canceled
INN00313,2,0,2,1,Meal Plan 1,Room_Type 1,22,26-12-2017,26,12,2017,2017/12/26,Online,59.09,Not_Canceled
INN00314,2,0,2,5,Meal Plan 1,Room_Type 1,151,7/9/2018,7,09,2018,2018/09/07,Online,103.09,Canceled
INN00315,2,0,2,1,Meal Plan 1,Room_Type 1,26,28-02-2018,28,02,2018,2018/02/28,Offline,87,Not_Canceled
INN00316,3,0,1,0,Meal Plan 1,Room_Type 4,27,17-04-2018,17,04,2018,2018/04/17,Online,137,Canceled
INN00317,2,0,0,2,Meal Plan 2,Room_Type 1,79,24-06-2018,24,06,2018,2018/06/24,Offline,109,Not_Canceled
INN00318,2,0,1,1,Meal Plan 2,Room_Type 1,247,6/6/2018,6,06,2018,2018/06/06,Online,115,Canceled
INN00319,2,0,2,3,Meal Plan 1,Room_Type 4,189,17-07-2018,17,07,2018,2018/07/17,Online,99.45,Not_Canceled
INN00320,2,0,0,2,Meal Plan 2,Room_Type 1,320,18-08-2018,18,08,2018,2018/08/18,Online,115,Canceled
INN00321,3,0,1,2,Meal Plan 1,Room_Type 4,27,22-02-2018,22,02,2018,2018/02/22,Online,130,Not_Canceled
INN00322,1,0,1,0,Meal Plan 1,Room_Type 1,51,22-05-2018,22,05,2018,2018/05/22,Corporate,65,Not_Canceled
INN00323,2,0,0,2,Meal Plan 1,Room_Type 1,245,17-06-2018,17,06,2018,2018/06/17,Online,75,Canceled
INN00324,2,1,1,2,Meal Plan 1,Room_Type 1,52,7/8/2018,7,08,2018,2018/08/07,Online,132.9,Canceled
INN00325,1,0,2,0,Meal Plan 1,Room_Type 1,13,18-10-2017,18,10,2017,2017/10/18,Online,120,Not_Canceled
INN00326,2,0,0,2,Not Selected,Room_Type 1,46,11/11/2018,11,11,2018,2018/11/11,Online,79.2,Canceled
INN00327,3,0,2,1,Meal Plan 1,Room_Type 4,84,28-08-2018,28,08,2018,2018/08/28,Online,159.3,Canceled
INN00328,1,0,0,2,Meal Plan 1,Room_Type 1,188,15-06-2018,15,06,2018,2018/06/15,Online,130,Canceled
INN00329,2,0,0,3,Meal Plan 1,Room_Type 1,19,10/6/2017,10,06,2017,2017/06/10,Offline,90,Not_Canceled
INN00330,2,0,0,2,Meal Plan 1,Room_Type 4,67,27-05-2018,27,05,2018,2018/05/27,Online,140.4,Not_Canceled
INN00331,2,0,0,1,Meal Plan 1,Room_Type 1,0,8/11/2017,8,11,2017,2017/11/08,Online,75,Not_Canceled
INN00332,2,0,0,2,Meal Plan 2,Room_Type 1,273,17-07-2017,17,07,2017,2017/07/17,Online,109,Canceled
INN00333,2,0,2,1,Meal Plan 2,Room_Type 1,110,25-07-2017,25,07,2017,2017/07/25,Online,94.5,Canceled
INN00334,1,0,0,1,Meal Plan 1,Room_Type 1,0,15-12-2017,15,12,2017,2017/12/15,Corporate,75,Not_Canceled
INN00335,2,0,1,2,Meal Plan 1,Room_Type 4,32,23-10-2017,23,10,2017,2017/10/23,Offline,75,Not_Canceled
INN00336,2,0,2,1,Meal Plan 1,Room_Type 1,282,10/10/2017,10,10,2017,2017/10/10,Offline,76.67,Not_Canceled
INN00337,2,0,2,2,Meal Plan 1,Room_Type 1,38,10/2/2018,10,02,2018,2018/02/10,Online,126,Not_Canceled
INN00338,2,0,1,1,Not Selected,Room_Type 1,175,23-07-2018,23,07,2018,2018/07/23,Online,85.5,Not_Canceled
INN00339,2,0,0,3,Meal Plan 1,Room_Type 4,143,18-08-2018,18,08,2018,2018/08/18,Online,140.7,Canceled
INN00340,2,0,2,2,Meal Plan 1,Room_Type 4,127,26-06-2018,26,06,2018,2018/06/26,Online,103.7,Not_Canceled
INN00341,1,0,0,1,Meal Plan 1,Room_Type 1,0,9/8/2017,9,08,2017,2017/08/09,Online,142,Not_Canceled
INN00342,2,1,2,5,Meal Plan 1,Room_Type 1,95,21-12-2018,21,12,2018,2018/12/21,Online,103.7,Not_Canceled
INN00343,1,0,1,2,Meal Plan 1,Room_Type 1,118,6/6/2018,6,06,2018,2018/06/06,Offline,110,Not_Canceled
INN00344,2,0,0,3,Meal Plan 1,Room_Type 1,45,11/10/2018,11,10,2018,2018/10/11,Offline,75,Not_Canceled
INN00345,3,0,1,1,Meal Plan 1,Room_Type 4,69,25-07-2018,25,07,2018,2018/07/25,Online,137.7,Not_Canceled
INN00346,2,0,0,1,Not Selected,Room_Type 1,57,9/7/2018,9,07,2018,2018/07/09,Online,87.3,Not_Canceled
INN00347,1,0,0,2,Meal Plan 1,Room_Type 1,5,24-08-2018,24,08,2018,2018/08/24,Complementary,0,Not_Canceled
INN00348,2,0,0,2,Meal Plan 2,Room_Type 1,39,14-08-2017,14,08,2017,2017/08/14,Offline,101.5,Not_Canceled
INN00349,2,0,0,1,Meal Plan 1,Room_Type 1,0,24-02-2018,24,02,2018,2018/02/24,Online,97,Not_Canceled
INN00350,3,0,1,1,Meal Plan 1,Room_Type 4,89,15-08-2018,15,08,2018,2018/08/15,Online,150.3,Not_Canceled
INN00351,2,0,0,4,Meal Plan 1,Room_Type 1,85,29-03-2018,29,03,2018,2018/03/29,Online,82.45,Not_Canceled
INN00352,1,0,0,1,Meal Plan 1,Room_Type 4,4,7/1/2018,7,01,2018,2018/01/07,Corporate,103,Not_Canceled
INN00353,1,0,2,6,Meal Plan 1,Room_Type 1,11,7/5/2018,7,05,2018,2018/05/07,Online,145,Canceled
INN00354,1,0,1,1,Meal Plan 1,Room_Type 1,12,7/11/2018,7,11,2018,2018/11/07,Online,145,Not_Canceled
INN00355,2,0,2,2,Meal Plan 1,Room_Type 4,77,14-05-2018,14,05,2018,2018/05/14,Online,134.85,Not_Canceled
INN00356,2,1,1,1,Meal Plan 1,Room_Type 6,14,22-10-2018,22,10,2018,2018/10/22,Online,168.25,Not_Canceled
INN00357,1,0,2,1,Meal Plan 1,Room_Type 1,1,28-02-2018,28,02,2018,2018/02/28,Online,60,Canceled
INN00358,2,0,1,3,Meal Plan 1,Room_Type 1,133,13-06-2018,13,06,2018,2018/06/13,Offline,76,Not_Canceled
INN00359,2,0,1,2,Meal Plan 1,Room_Type 1,3,8/10/2017,8,10,2017,2017/10/08,Offline,63.5,Not_Canceled
INN00360,2,0,2,0,Meal Plan 1,Room_Type 1,19,18-09-2018,18,09,2018,2018/09/18,Offline,95,Not_Canceled
INN00361,2,0,2,2,Meal Plan 1,Room_Type 4,86,9/3/2018,9,03,2018,2018/03/09,Offline,90.95,Not_Canceled
INN00362,2,0,0,2,Meal Plan 1,Room_Type 1,23,16-10-2017,16,10,2017,2017/10/16,Online,98.4,Not_Canceled
INN00363,2,0,0,1,Meal Plan 1,Room_Type 1,65,22-09-2018,22,09,2018,2018/09/22,Online,135.9,Not_Canceled
INN00364,2,0,0,2,Meal Plan 1,Room_Type 4,1,16-11-2018,16,11,2018,2018/11/16,Online,130,Not_Canceled
INN00365,2,0,0,1,Meal Plan 1,Room_Type 4,66,19-11-2017,19,11,2017,2017/11/19,Online,81.9,Not_Canceled
INN00366,3,0,1,4,Meal Plan 1,Room_Type 1,50,22-02-2018,22,02,2018,2018/02/22,Online,78.85,Not_Canceled
INN00367,2,0,2,3,Meal Plan 2,Room_Type 1,87,26-06-2018,26,06,2018,2018/06/26,Online,141.3,Canceled
INN00368,2,0,1,1,Meal Plan 1,Room_Type 1,159,4/9/2018,4,09,2018,2018/09/04,Offline,70,Not_Canceled
INN00369,2,0,2,3,Meal Plan 2,Room_Type 1,39,13-08-2018,13,08,2018,2018/08/13,Online,170.1,Not_Canceled
INN00370,2,0,2,0,Meal Plan 2,Room_Type 1,386,23-10-2018,23,10,2018,2018/10/23,Online,115,Canceled
INN00371,2,2,0,5,Meal Plan 1,Room_Type 6,22,29-12-2017,29,12,2017,2017/12/29,Online,199,Not_Canceled
INN00372,2,0,2,2,Meal Plan 1,Room_Type 4,102,7/10/2018,7,10,2018,2018/10/07,Offline,82.45,Not_Canceled
INN00373,4,0,0,3,Meal Plan 1,Room_Type 7,86,20-10-2018,20,10,2018,2018/10/20,Online,192.86,Not_Canceled
INN00374,2,0,2,2,Meal Plan 1,Room_Type 1,56,25-09-2017,25,09,2017,2017/09/25,Offline,185,Not_Canceled
INN00375,2,0,2,6,Meal Plan 1,Room_Type 1,36,12/10/2018,12,10,2018,2018/10/12,Online,68.07,Not_Canceled
INN00376,2,0,0,3,Meal Plan 1,Room_Type 1,50,10/4/2018,10,04,2018,2018/04/10,Online,118.8,Not_Canceled
INN00377,2,0,0,2,Meal Plan 1,Room_Type 4,115,27-10-2018,27,10,2018,2018/10/27,Online,104.4,Canceled
INN00378,1,0,0,1,Meal Plan 1,Room_Type 1,0,23-03-2018,23,03,2018,2018/03/23,Corporate,65,Not_Canceled
INN00379,2,0,1,3,Not Selected,Room_Type 1,35,3/3/2018,3,03,2018,2018/03/03,Online,71.1,Canceled
INN00380,2,0,2,1,Meal Plan 1,Room_Type 1,17,21-05-2018,21,05,2018,2018/05/21,Offline,95,Not_Canceled
INN00381,2,0,4,11,Meal Plan 1,Room_Type 4,237,13-09-2018,13,09,2018,2018/09/13,Online,116.62,Canceled
INN00382,2,0,0,4,Meal Plan 1,Room_Type 1,125,9/7/2018,9,07,2018,2018/07/09,Online,136,Not_Canceled
INN00383,2,2,2,2,Meal Plan 1,Room_Type 6,32,12/2/2018,12,02,2018,2018/02/12,Online,147.9,Canceled
INN00384,2,0,2,0,Not Selected,Room_Type 1,5,18-09-2018,18,09,2018,2018/09/18,Offline,123.7,Not_Canceled
INN00385,2,0,2,1,Meal Plan 1,Room_Type 1,91,19-06-2018,19,06,2018,2018/06/19,Online,135.9,Canceled
INN00386,2,0,0,2,Meal Plan 2,Room_Type 1,102,16-10-2017,16,10,2017,2017/10/16,Offline,109,Not_Canceled
INN00387,3,0,2,1,Meal Plan 1,Room_Type 4,9,20-03-2018,20,03,2018,2018/03/20,Online,186,Not_Canceled
INN00388,3,0,1,3,Meal Plan 1,Room_Type 4,155,26-12-2018,26,12,2018,2018/12/26,Online,115.6,Canceled
INN00389,2,2,0,1,Meal Plan 1,Room_Type 6,0,14-05-2018,14,05,2018,2018/05/14,Online,221,Canceled
INN00390,1,0,0,3,Meal Plan 1,Room_Type 1,11,15-09-2017,15,09,2017,2017/09/15,Corporate,65,Not_Canceled
INN00391,1,0,0,1,Meal Plan 1,Room_Type 1,0,19-02-2018,19,02,2018,2018/02/19,Corporate,80,Not_Canceled
INN00392,2,1,1,4,Meal Plan 1,Room_Type 1,86,23-03-2018,23,03,2018,2018/03/23,Offline,73.83,Not_Canceled
INN00393,1,0,0,1,Meal Plan 1,Room_Type 1,18,18-10-2018,18,10,2018,2018/10/18,Corporate,67,Not_Canceled
INN00394,2,0,0,2,Meal Plan 1,Room_Type 1,58,3/4/2018,3,04,2018,2018/04/03,Online,80.3,Not_Canceled
INN00395,2,0,2,1,Not Selected,Room_Type 1,54,30-04-2018,30,04,2018,2018/04/30,Offline,85,Not_Canceled
INN00396,2,1,2,3,Meal Plan 1,Room_Type 1,25,23-07-2018,23,07,2018,2018/07/23,Online,152.1,Canceled
INN00397,2,0,0,2,Meal Plan 1,Room_Type 1,107,9/9/2017,9,09,2017,2017/09/09,Online,89.25,Not_Canceled
INN00398,1,0,0,4,Meal Plan 2,Room_Type 1,100,28-09-2018,28,09,2018,2018/09/28,Offline,110,Not_Canceled
INN00399,2,0,1,2,Meal Plan 1,Room_Type 1,273,13-05-2018,13,05,2018,2018/05/13,Online,95,Canceled
INN00400,2,0,0,1,Not Selected,Room_Type 1,29,18-03-2018,18,03,2018,2018/03/18,Online,79,Not_Canceled
INN00401,2,0,0,1,Meal Plan 1,Room_Type 1,221,8/12/2018,8,12,2018,2018/12/08,Online,80,Canceled
INN00402,2,0,2,2,Meal Plan 1,Room_Type 1,213,10/1/2018,10,01,2018,2018/01/10,Online,102.85,Canceled
INN00403,2,0,1,2,Meal Plan 1,Room_Type 1,198,9/9/2018,9,09,2018,2018/09/09,Online,90,Canceled
INN00404,2,0,1,2,Meal Plan 1,Room_Type 2,81,29-01-2018,29,01,2018,2018/01/29,Online,62.37,Not_Canceled
INN00405,2,0,0,1,Not Selected,Room_Type 1,23,4/8/2018,4,08,2018,2018/08/04,Online,98,Not_Canceled
INN00406,2,0,0,3,Meal Plan 1,Room_Type 1,26,17-09-2017,17,09,2017,2017/09/17,Online,117.67,Canceled
INN00407,2,0,2,1,Meal Plan 1,Room_Type 1,20,18-06-2018,18,06,2018,2018/06/18,Online,141,Not_Canceled
INN00408,2,1,1,3,Meal Plan 1,Room_Type 6,124,26-12-2018,26,12,2018,2018/12/26,Online,156.61,Canceled
INN00409,3,0,0,3,Meal Plan 1,Room_Type 4,85,8/3/2018,8,03,2018,2018/03/08,Online,152.1,Canceled
INN00410,2,0,0,1,Meal Plan 1,Room_Type 1,167,8/6/2018,8,06,2018,2018/06/08,Online,105.3,Canceled
INN00411,2,0,1,3,Meal Plan 1,Room_Type 1,71,30-05-2018,30,05,2018,2018/05/30,Online,119.85,Not_Canceled
INN00412,2,0,0,2,Meal Plan 1,Room_Type 1,48,11/4/2018,11,04,2018,2018/04/11,Online,97.2,Not_Canceled
INN00413,1,0,0,1,Not Selected,Room_Type 1,37,13-05-2018,13,05,2018,2018/05/13,Online,116.1,Not_Canceled
INN00414,3,0,2,2,Meal Plan 1,Room_Type 4,76,29-05-2018,29,05,2018,2018/05/29,Online,150.45,Canceled
INN00415,1,0,0,1,Meal Plan 1,Room_Type 1,13,20-01-2018,20,01,2018,2018/01/20,Offline,71,Not_Canceled
INN00416,1,0,1,0,Meal Plan 1,Room_Type 1,3,27-06-2018,27,06,2018,2018/06/27,Complementary,0,Not_Canceled
INN00417,2,0,1,2,Meal Plan 1,Room_Type 4,75,12/7/2017,12,07,2017,2017/07/12,Offline,60,Not_Canceled
INN00418,1,0,0,1,Meal Plan 1,Room_Type 1,5,4/5/2018,4,05,2018,2018/05/04,Corporate,89,Not_Canceled
INN00419,2,0,2,0,Meal Plan 2,Room_Type 1,386,23-10-2018,23,10,2018,2018/10/23,Online,115,Canceled
INN00420,2,0,1,1,Meal Plan 1,Room_Type 1,180,5/2/2018,5,02,2018,2018/02/05,Offline,100,Not_Canceled
INN00421,2,0,1,3,Not Selected,Room_Type 1,122,14-11-2018,14,11,2018,2018/11/14,Online,75.9,Canceled
INN00422,2,0,1,2,Meal Plan 1,Room_Type 1,224,10/2/2017,10,02,2017,2017/02/10,Offline,65,Not_Canceled
INN00423,2,0,2,2,Meal Plan 1,Room_Type 1,24,29-05-2018,29,05,2018,2018/05/29,Online,104.55,Not_Canceled
INN00424,1,0,2,2,Meal Plan 1,Room_Type 1,162,14-10-2018,14,10,2018,2018/10/14,Online,115,Canceled
INN00425,3,0,1,1,Meal Plan 1,Room_Type 4,25,7/2/2018,7,02,2018,2018/02/07,Online,187,Canceled
INN00426,1,0,0,1,Meal Plan 1,Room_Type 1,1,8/4/2018,8,04,2018,2018/04/08,Online,115,Not_Canceled
INN00427,2,0,0,4,Not Selected,Room_Type 1,236,27-09-2018,27,09,2018,2018/09/27,Online,84.43,Canceled
INN00428,2,0,2,3,Meal Plan 1,Room_Type 1,120,4/8/2018,4,08,2018,2018/08/04,Online,90.95,Canceled
INN00429,2,0,1,3,Meal Plan 2,Room_Type 4,12,24-03-2018,24,03,2018,2018/03/24,Online,208,Not_Canceled
INN00430,2,0,2,4,Meal Plan 1,Room_Type 1,224,9/3/2018,9,03,2018,2018/03/09,Online,97.18,Canceled
INN00431,1,0,0,4,Meal Plan 2,Room_Type 1,33,21-10-2017,21,10,2017,2017/10/21,Offline,79.11,Not_Canceled
INN00432,2,0,0,2,Meal Plan 1,Room_Type 1,24,13-05-2018,13,05,2018,2018/05/13,Complementary,0,Not_Canceled
INN00433,2,0,0,1,Meal Plan 1,Room_Type 4,22,9/8/2017,9,08,2017,2017/08/09,Online,120,Not_Canceled
INN00434,2,0,0,3,Meal Plan 1,Room_Type 1,10,20-10-2017,20,10,2017,2017/10/20,Online,126,Not_Canceled
INN00435,2,0,0,2,Meal Plan 1,Room_Type 1,15,16-02-2018,16,02,2018,2018/02/16,Online,91,Canceled
INN00436,2,0,0,5,Meal Plan 2,Room_Type 1,230,9/6/2018,9,06,2018,2018/06/09,Online,137,Canceled
INN00437,2,0,0,4,Meal Plan 1,Room_Type 1,54,16-03-2018,16,03,2018,2018/03/16,Offline,67.32,Not_Canceled
INN00438,2,0,0,1,Meal Plan 1,Room_Type 1,45,23-10-2017,23,10,2017,2017/10/23,Online,81.62,Not_Canceled
INN00439,3,0,1,3,Meal Plan 2,Room_Type 4,63,24-10-2018,24,10,2018,2018/10/24,Online,123.66,Not_Canceled
INN00440,2,0,2,1,Not Selected,Room_Type 1,166,8/6/2018,8,06,2018,2018/06/08,Online,94.5,Not_Canceled
INN00441,2,0,1,4,Meal Plan 1,Room_Type 1,148,22-08-2018,22,08,2018,2018/08/22,Online,96.3,Canceled
INN00442,2,0,2,1,Meal Plan 1,Room_Type 1,136,13-08-2018,13,08,2018,2018/08/13,Online,88.01,Not_Canceled
INN00443,2,0,1,3,Meal Plan 1,Room_Type 1,37,3/10/2018,3,10,2018,2018/10/03,Online,81.9,Not_Canceled
INN00444,2,0,0,4,Meal Plan 1,Room_Type 1,66,5/11/2018,5,11,2018,2018/11/05,Online,119.85,Not_Canceled
INN00445,1,0,0,1,Meal Plan 1,Room_Type 1,11,23-10-2017,23,10,2017,2017/10/23,Offline,83.5,Not_Canceled
INN00446,1,0,0,1,Meal Plan 1,Room_Type 1,1,4/1/2018,4,01,2018,2018/01/04,Corporate,67,Not_Canceled
INN00447,2,0,2,2,Meal Plan 1,Room_Type 4,7,19-06-2018,19,06,2018,2018/06/19,Online,156,Not_Canceled
INN00448,2,0,0,1,Meal Plan 1,Room_Type 1,43,13-10-2017,13,10,2017,2017/10/13,Offline,85,Not_Canceled
INN00449,2,0,3,5,Meal Plan 1,Room_Type 4,5,4/4/2018,4,04,2018,2018/04/04,Online,126.75,Canceled
INN00450,2,0,1,1,Meal Plan 2,Room_Type 1,247,6/6/2018,6,06,2018,2018/06/06,Online,115,Canceled
INN00451,2,0,2,1,Not Selected,Room_Type 1,24,16-10-2018,16,10,2018,2018/10/16,Online,107.1,Canceled
INN00452,1,0,0,1,Meal Plan 1,Room_Type 1,53,14-10-2018,14,10,2018,2018/10/14,Offline,120,Not_Canceled
INN00453,2,0,2,1,Meal Plan 1,Room_Type 1,52,19-11-2018,19,11,2018,2018/11/19,Online,93.6,Not_Canceled
INN00454,2,0,0,1,Meal Plan 1,Room_Type 1,56,6/8/2018,6,08,2018,2018/08/06,Offline,120,Not_Canceled
INN00455,1,0,0,1,Meal Plan 1,Room_Type 1,12,6/8/2018,6,08,2018,2018/08/06,Offline,90,Not_Canceled
INN00456,2,0,0,5,Meal Plan 1,Room_Type 1,230,9/6/2018,9,06,2018,2018/06/09,Online,137,Canceled
INN00457,2,1,1,3,Meal Plan 1,Room_Type 1,92,31-10-2018,31,10,2018,2018/10/31,Online,106.43,Canceled
INN00458,1,0,0,3,Not Selected,Room_Type 1,2,31-05-2018,31,05,2018,2018/05/31,Online,87.78,Not_Canceled
INN00459,2,0,0,2,Meal Plan 2,Room_Type 1,74,18-09-2017,18,09,2017,2017/09/18,Offline,101.5,Not_Canceled
INN00460,2,0,0,1,Not Selected,Room_Type 1,82,23-06-2018,23,06,2018,2018/06/23,Online,85.5,Canceled
INN00461,1,0,0,3,Meal Plan 1,Room_Type 1,37,13-10-2018,13,10,2018,2018/10/13,Offline,95,Not_Canceled
INN00462,2,0,2,2,Meal Plan 1,Room_Type 4,147,7/1/2018,7,01,2018,2018/01/07,Online,103.7,Not_Canceled
INN00463,1,0,0,1,Meal Plan 1,Room_Type 1,2,26-08-2017,26,08,2017,2017/08/26,Corporate,65,Not_Canceled
INN00464,2,0,2,6,Meal Plan 1,Room_Type 1,166,18-08-2018,18,08,2018,2018/08/18,Online,100.12,Canceled
INN00465,2,0,1,3,Meal Plan 2,Room_Type 1,28,4/11/2018,4,11,2018,2018/11/04,Online,156.25,Not_Canceled
INN00466,2,0,1,2,Meal Plan 2,Room_Type 1,309,13-05-2018,13,05,2018,2018/05/13,Online,101,Canceled
INN00467,2,0,1,3,Meal Plan 2,Room_Type 1,54,7/4/2018,7,04,2018,2018/04/07,Online,161.1,Not_Canceled
INN00468,2,0,1,3,Not Selected,Room_Type 1,49,12/8/2018,12,08,2018,2018/08/12,Online,83.8,Not_Canceled
INN00469,2,1,0,1,Meal Plan 1,Room_Type 1,1,18-06-2018,18,06,2018,2018/06/18,Online,168,Not_Canceled
INN00470,2,0,2,1,Meal Plan 1,Room_Type 1,0,27-12-2017,27,12,2017,2017/12/27,Offline,58,Not_Canceled
INN00471,2,0,2,1,Meal Plan 2,Room_Type 1,4,8/8/2017,8,08,2017,2017/08/08,Offline,94.5,Not_Canceled
INN00472,2,0,0,4,Meal Plan 1,Room_Type 1,60,12/9/2017,12,09,2017,2017/09/12,Online,96.3,Not_Canceled
INN00473,2,0,0,1,Meal Plan 1,Room_Type 1,157,14-08-2017,14,08,2017,2017/08/14,Online,76.5,Not_Canceled
INN00474,2,0,2,3,Meal Plan 1,Room_Type 1,268,4/8/2018,4,08,2018,2018/08/04,Offline,78,Not_Canceled
INN00475,2,0,1,1,Not Selected,Room_Type 1,38,26-09-2018,26,09,2018,2018/09/26,Online,112.59,Canceled
INN00476,2,2,2,1,Meal Plan 1,Room_Type 7,30,6/12/2018,6,12,2018,2018/12/06,Online,187.04,Canceled
INN00477,2,0,0,1,Meal Plan 1,Room_Type 1,2,10/11/2018,10,11,2018,2018/11/10,Online,169,Not_Canceled
INN00478,2,0,3,7,Not Selected,Room_Type 1,217,12/5/2018,12,05,2018,2018/05/12,Online,46.63,Not_Canceled
INN00479,2,0,0,3,Meal Plan 1,Room_Type 1,143,25-08-2018,25,08,2018,2018/08/25,Offline,100,Not_Canceled
INN00480,2,0,0,3,Not Selected,Room_Type 1,179,19-10-2018,19,10,2018,2018/10/19,Online,85.5,Not_Canceled
INN00481,1,0,0,2,Meal Plan 1,Room_Type 1,188,15-06-2018,15,06,2018,2018/06/15,Online,130,Canceled
INN00482,3,0,2,2,Meal Plan 1,Room_Type 4,94,7/8/2018,7,08,2018,2018/08/07,Online,146.7,Not_Canceled
INN00483,1,0,0,2,Meal Plan 1,Room_Type 1,32,20-11-2017,20,11,2017,2017/11/20,Offline,73,Not_Canceled
INN00484,3,0,2,2,Meal Plan 1,Room_Type 6,2,4/1/2018,4,01,2018,2018/01/04,Online,143.22,Not_Canceled
INN00485,2,0,0,3,Meal Plan 1,Room_Type 1,70,22-10-2017,22,10,2017,2017/10/22,Online,89.25,Not_Canceled
INN00486,2,0,1,0,Not Selected,Room_Type 1,4,19-09-2018,19,09,2018,2018/09/19,Offline,85,Not_Canceled
INN00487,2,0,2,0,Meal Plan 1,Room_Type 1,34,28-02-2018,28,02,2018,2018/02/28,Complementary,6.5,Not_Canceled
INN00488,2,2,0,1,Meal Plan 1,Room_Type 2,16,3/8/2018,3,08,2018,2018/08/03,Online,83.03,Canceled
INN00489,2,0,1,3,Meal Plan 1,Room_Type 1,24,2/11/2018,2,11,2018,2018/11/02,Online,91,Canceled
INN00490,2,0,2,2,Not Selected,Room_Type 1,78,4/10/2018,4,10,2018,2018/10/04,Online,80.75,Not_Canceled
INN00491,2,0,1,2,Meal Plan 1,Room_Type 1,305,11/4/2018,11,04,2018,2018/04/11,Online,89,Canceled
INN00492,2,0,0,3,Meal Plan 1,Room_Type 1,37,13-10-2018,13,10,2018,2018/10/13,Offline,105,Not_Canceled
INN00493,2,0,2,5,Meal Plan 1,Room_Type 1,98,30-04-2018,30,04,2018,2018/04/30,Online,109.81,Not_Canceled
INN00494,2,0,1,3,Meal Plan 1,Room_Type 4,14,12/5/2018,12,05,2018,2018/05/12,Online,70.88,Not_Canceled
INN00495,1,0,0,2,Not Selected,Room_Type 1,44,23-11-2018,23,11,2018,2018/11/23,Online,83.6,Not_Canceled
INN00496,1,0,2,1,Meal Plan 1,Room_Type 1,1,28-02-2018,28,02,2018,2018/02/28,Online,60,Canceled
INN00497,2,0,0,3,Meal Plan 1,Room_Type 1,213,6/7/2018,6,07,2018,2018/07/06,Online,130,Canceled
INN00498,1,0,1,1,Meal Plan 1,Room_Type 1,5,4/4/2018,4,04,2018,2018/04/04,Online,95,Not_Canceled
INN00499,2,0,0,1,Meal Plan 2,Room_Type 1,55,4/6/2018,4,06,2018,2018/06/04,Offline,104,Not_Canceled
INN00500,2,0,0,3,Meal Plan 1,Room_Type 4,139,2/11/2018,2,11,2018,2018/11/02,Offline,62,Not_Canceled
INN00501,2,0,2,1,Meal Plan 1,Room_Type 2,44,23-04-2018,23,04,2018,2018/04/23,Offline,95,Not_Canceled
INN00502,1,0,2,1,Meal Plan 2,Room_Type 4,18,28-02-2018,28,02,2018,2018/02/28,Online,145,Not_Canceled
INN00503,1,0,1,0,Meal Plan 1,Room_Type 1,0,17-10-2018,17,10,2018,2018/10/17,Corporate,95,Not_Canceled
INN00504,1,0,0,2,Meal Plan 1,Room_Type 1,192,24-06-2018,24,06,2018,2018/06/24,Offline,95,Not_Canceled
INN00505,2,0,2,4,Meal Plan 1,Room_Type 1,152,18-06-2018,18,06,2018,2018/06/18,Offline,80.75,Not_Canceled
INN00506,3,0,0,4,Meal Plan 1,Room_Type 4,42,30-08-2018,30,08,2018,2018/08/30,Online,142.2,Not_Canceled
INN00507,3,0,2,3,Meal Plan 1,Room_Type 4,209,21-10-2018,21,10,2018,2018/10/21,Online,128.7,Canceled
INN00508,2,0,2,3,Meal Plan 1,Room_Type 1,69,20-03-2018,20,03,2018,2018/03/20,Online,90.95,Not_Canceled
INN00509,2,0,1,2,Meal Plan 1,Room_Type 1,80,18-11-2018,18,11,2018,2018/11/18,Online,93.6,Not_Canceled
INN00510,2,0,1,2,Meal Plan 1,Room_Type 4,49,11/9/2017,11,09,2017,2017/09/11,Offline,60,Not_Canceled
INN00511,1,0,0,3,Meal Plan 1,Room_Type 1,143,25-08-2018,25,08,2018,2018/08/25,Offline,90,Not_Canceled
INN00512,2,0,2,1,Not Selected,Room_Type 1,67,12/5/2017,12,05,2017,2017/05/12,Online,95.4,Not_Canceled
INN00513,2,0,0,2,Meal Plan 1,Room_Type 1,41,21-10-2018,21,10,2018,2018/10/21,Online,160,Canceled
INN00514,2,0,2,1,Meal Plan 1,Room_Type 4,154,30-10-2018,30,10,2018,2018/10/30,Online,104.1,Canceled
INN00515,2,0,0,1,Meal Plan 2,Room_Type 1,55,4/6/2018,4,06,2018,2018/06/04,Offline,104,Not_Canceled
INN00516,2,0,0,4,Meal Plan 1,Room_Type 1,2,8/3/2018,8,03,2018,2018/03/08,Offline,109,Not_Canceled
INN00517,2,0,2,4,Meal Plan 1,Room_Type 4,99,4/10/2018,4,10,2018,2018/10/04,Online,93.78,Canceled
INN00518,1,0,0,2,Meal Plan 1,Room_Type 1,14,14-10-2017,14,10,2017,2017/10/14,Corporate,95,Not_Canceled
INN00519,1,0,0,1,Not Selected,Room_Type 1,0,15-10-2018,15,10,2018,2018/10/15,Online,140,Not_Canceled
INN00520,2,0,1,3,Meal Plan 1,Room_Type 1,22,24-12-2017,24,12,2017,2017/12/24,Online,87,Not_Canceled
INN00521,1,0,2,1,Meal Plan 1,Room_Type 4,7,3/5/2018,3,05,2018,2018/05/03,Online,85.85,Not_Canceled
INN00522,2,0,1,3,Meal Plan 1,Room_Type 4,84,24-03-2018,24,03,2018,2018/03/24,Online,99.45,Not_Canceled
INN00523,2,0,0,4,Meal Plan 1,Room_Type 4,109,5/4/2018,5,04,2018,2018/04/05,Online,120.28,Not_Canceled
INN00524,1,0,0,3,Meal Plan 1,Room_Type 1,71,14-06-2018,14,06,2018,2018/06/14,Offline,120,Not_Canceled
INN00525,2,0,2,0,Meal Plan 1,Room_Type 1,4,4/3/2018,4,03,2018,2018/03/04,Online,77.77,Not_Canceled
INN00526,1,0,0,3,Meal Plan 1,Room_Type 1,71,14-06-2018,14,06,2018,2018/06/14,Offline,120,Not_Canceled
INN00527,2,0,0,1,Not Selected,Room_Type 1,58,6/10/2018,6,10,2018,2018/10/06,Online,116.1,Not_Canceled
INN00528,3,0,0,1,Meal Plan 2,Room_Type 4,133,23-07-2018,23,07,2018,2018/07/23,Online,189,Canceled
INN00529,2,0,2,1,Meal Plan 1,Room_Type 4,27,26-06-2018,26,06,2018,2018/06/26,Online,152.67,Canceled
INN00530,2,0,2,3,Meal Plan 1,Room_Type 1,27,2/4/2018,2,04,2018,2018/04/02,Online,66.31,Not_Canceled
INN00531,1,0,0,1,Meal Plan 1,Room_Type 1,9,9/10/2017,9,10,2017,2017/10/09,Online,95,Not_Canceled
INN00532,2,1,0,3,Meal Plan 1,Room_Type 1,86,12/8/2018,12,08,2018,2018/08/12,Online,122,Canceled
INN00533,2,0,0,3,Meal Plan 1,Room_Type 1,13,17-12-2017,17,12,2017,2017/12/17,Offline,58,Not_Canceled
INN00534,2,0,1,3,Meal Plan 1,Room_Type 1,0,12/5/2018,12,05,2018,2018/05/12,Online,89.89,Not_Canceled
INN00535,2,0,0,2,Meal Plan 1,Room_Type 4,5,21-06-2018,21,06,2018,2018/06/21,Online,156,Not_Canceled
INN00536,2,0,1,3,Meal Plan 1,Room_Type 4,82,24-03-2018,24,03,2018,2018/03/24,Online,99.45,Not_Canceled
INN00537,2,1,0,2,Meal Plan 1,Room_Type 6,330,31-08-2018,31,08,2018,2018/08/31,Online,172.8,Canceled
INN00538,2,0,1,3,Not Selected,Room_Type 1,3,22-08-2018,22,08,2018,2018/08/22,Online,98.56,Not_Canceled
INN00539,1,0,0,1,Meal Plan 1,Room_Type 1,35,3/10/2018,3,10,2018,2018/10/03,Online,71.1,Canceled
INN00540,1,0,6,15,Meal Plan 1,Room_Type 4,12,30-03-2018,30,03,2018,2018/03/30,Online,128.06,Canceled
INN00541,1,0,0,1,Meal Plan 1,Room_Type 1,0,19-11-2018,19,11,2018,2018/11/19,Complementary,0,Not_Canceled
INN00542,2,1,0,1,Meal Plan 1,Room_Type 1,7,4/7/2018,4,07,2018,2018/07/04,Online,106,Not_Canceled
INN00543,2,0,0,4,Meal Plan 1,Room_Type 4,47,27-09-2018,27,09,2018,2018/09/27,Online,130.61,Canceled
INN00544,2,0,2,3,Not Selected,Room_Type 1,117,17-06-2018,17,06,2018,2018/06/17,Online,105.74,Not_Canceled
INN00545,2,0,0,2,Meal Plan 1,Room_Type 4,2,6/10/2018,6,10,2018,2018/10/06,Online,136,Not_Canceled
INN00546,2,0,0,1,Meal Plan 1,Room_Type 1,26,6/8/2018,6,08,2018,2018/08/06,Offline,120,Not_Canceled
INN00547,2,0,2,2,Not Selected,Room_Type 1,75,12/2/2018,12,02,2018,2018/02/12,Online,74.8,Not_Canceled
INN00548,2,0,0,2,Meal Plan 2,Room_Type 1,256,15-06-2018,15,06,2018,2018/06/15,Online,112,Canceled
INN00549,2,1,1,0,Meal Plan 1,Room_Type 1,137,21-08-2018,21,08,2018,2018/08/21,Online,121.5,Not_Canceled
INN00550,2,0,0,4,Meal Plan 1,Room_Type 1,92,10/7/2017,10,07,2017,2017/07/10,Offline,70,Not_Canceled
INN00551,1,0,0,1,Meal Plan 1,Room_Type 1,1,29-11-2018,29,11,2018,2018/11/29,Offline,75,Not_Canceled
INN00552,2,0,0,1,Meal Plan 1,Room_Type 1,18,1/2/2018,1,02,2018,2018/02/01,Offline,54,Not_Canceled
INN00553,2,0,1,2,Meal Plan 1,Room_Type 1,78,25-03-2018,25,03,2018,2018/03/25,Online,100,Canceled
INN00554,1,0,0,1,Meal Plan 1,Room_Type 4,8,23-04-2018,23,04,2018,2018/04/23,Complementary,0,Not_Canceled
INN00555,1,2,4,9,Meal Plan 1,Room_Type 6,30,11/2/2018,11,02,2018,2018/02/11,Online,186.22,Canceled
INN00556,2,0,2,0,Not Selected,Room_Type 1,117,13-11-2018,13,11,2018,2018/11/13,Online,79.2,Not_Canceled
INN00557,2,0,1,1,Meal Plan 1,Room_Type 1,10,19-03-2018,19,03,2018,2018/03/19,Online,103,Not_Canceled
INN00558,2,0,2,2,Meal Plan 1,Room_Type 1,56,25-09-2017,25,09,2017,2017/09/25,Offline,185,Not_Canceled
INN00559,2,0,0,2,Meal Plan 1,Room_Type 1,8,20-10-2017,20,10,2017,2017/10/20,Online,135,Not_Canceled
INN00560,2,0,2,0,Meal Plan 2,Room_Type 1,386,23-10-2018,23,10,2018,2018/10/23,Online,115,Canceled
INN00561,2,0,0,2,Meal Plan 2,Room_Type 1,273,17-07-2017,17,07,2017,2017/07/17,Online,109,Canceled
INN00562,2,0,0,1,Meal Plan 1,Room_Type 1,33,26-11-2018,26,11,2018,2018/11/26,Online,104,Canceled
INN00563,3,0,2,5,Meal Plan 1,Room_Type 4,184,8/3/2018,8,03,2018,2018/03/08,Online,130.05,Not_Canceled
INN00564,2,0,1,3,Meal Plan 1,Room_Type 1,232,9/5/2018,9,05,2018,2018/05/09,Online,100.3,Canceled
INN00565,1,0,0,2,Meal Plan 1,Room_Type 1,188,15-06-2018,15,06,2018,2018/06/15,Online,130,Canceled
INN00566,2,0,0,2,Meal Plan 2,Room_Type 1,102,16-10-2017,16,10,2017,2017/10/16,Offline,109,Not_Canceled
INN00567,2,0,2,2,Meal Plan 1,Room_Type 4,45,10/7/2018,10,07,2018,2018/07/10,Online,139.5,Canceled
INN00568,1,0,0,1,Meal Plan 1,Room_Type 1,1,2/3/2018,2,03,2018,2018/03/02,Corporate,66,Not_Canceled
INN00569,2,0,2,2,Meal Plan 1,Room_Type 1,63,9/3/2018,9,03,2018,2018/03/09,Online,106.88,Not_Canceled
INN00570,2,0,2,2,Meal Plan 1,Room_Type 4,89,16-09-2018,16,09,2018,2018/09/16,Online,149.4,Not_Canceled
INN00571,1,0,0,2,Meal Plan 1,Room_Type 1,63,26-04-2018,26,04,2018,2018/04/26,Online,109.35,Not_Canceled
INN00572,2,0,0,3,Meal Plan 1,Room_Type 1,304,11/3/2018,11,03,2018,2018/03/11,Online,89,Canceled
INN00573,1,0,2,1,Meal Plan 1,Room_Type 1,1,4/9/2018,4,09,2018,2018/09/04,Online,115,Not_Canceled
INN00574,1,0,0,1,Meal Plan 1,Room_Type 1,51,16-03-2018,16,03,2018,2018/03/16,Corporate,85.5,Not_Canceled
INN00575,2,0,0,2,Meal Plan 1,Room_Type 4,110,20-04-2018,20,04,2018,2018/04/20,Online,90.95,Not_Canceled
INN00576,2,0,2,1,Meal Plan 1,Room_Type 4,20,30-07-2018,30,07,2018,2018/07/30,Online,117.55,Not_Canceled
INN00577,2,0,0,1,Not Selected,Room_Type 1,50,19-10-2018,19,10,2018,2018/10/19,Online,108,Canceled
INN00578,2,0,0,3,Meal Plan 1,Room_Type 4,48,10/11/2018,10,11,2018,2018/11/10,Online,139.5,Not_Canceled
INN00579,2,0,0,3,Meal Plan 1,Room_Type 5,96,13-09-2018,13,09,2018,2018/09/13,Online,129.88,Canceled
INN00580,2,0,1,4,Meal Plan 1,Room_Type 1,148,30-12-2017,30,12,2017,2017/12/30,Offline,67,Not_Canceled
INN00581,2,0,1,1,Not Selected,Room_Type 1,25,10/3/2018,10,03,2018,2018/03/10,Online,129,Canceled
INN00582,2,0,2,5,Meal Plan 1,Room_Type 1,148,25-06-2018,25,06,2018,2018/06/25,Online,79.53,Canceled
INN00583,2,0,1,3,Meal Plan 1,Room_Type 1,114,22-08-2018,22,08,2018,2018/08/22,Offline,72.25,Not_Canceled
INN00584,1,0,0,2,Meal Plan 2,Room_Type 1,257,7/1/2017,7,01,2017,2017/01/07,Offline,80,Not_Canceled
INN00585,2,0,2,5,Meal Plan 1,Room_Type 1,105,6/11/2018,6,11,2018,2018/11/06,Online,119.85,Not_Canceled
INN00586,1,0,1,2,Meal Plan 1,Room_Type 1,4,11/2/2017,11,02,2017,2017/02/11,Online,117,Not_Canceled
INN00587,2,0,2,2,Meal Plan 2,Room_Type 4,67,9/6/2017,9,06,2017,2017/06/09,Complementary,29,Not_Canceled
INN00588,2,0,2,2,Meal Plan 1,Room_Type 1,61,9/2/2018,9,02,2018,2018/02/09,Online,118.8,Not_Canceled
INN00589,2,0,0,2,Meal Plan 1,Room_Type 1,79,30-12-2018,30,12,2018,2018/12/30,Offline,192.03,Not_Canceled
INN00590,3,0,0,1,Meal Plan 1,Room_Type 1,74,21-05-2018,21,05,2018,2018/05/21,Online,168.3,Not_Canceled
INN00591,2,0,0,1,Not Selected,Room_Type 1,120,5/12/2018,5,12,2018,2018/12/05,Online,72.76,Not_Canceled
INN00592,2,0,0,3,Meal Plan 1,Room_Type 1,157,12/8/2018,12,08,2018,2018/08/12,Offline,68,Not_Canceled
INN00593,2,0,0,4,Meal Plan 1,Room_Type 1,4,1/6/2018,1,06,2018,2018/06/01,Online,89,Not_Canceled
INN00594,2,0,2,5,Meal Plan 1,Room_Type 4,46,28-08-2018,28,08,2018,2018/08/28,Online,124.46,Not_Canceled
INN00595,1,0,2,1,Meal Plan 1,Room_Type 1,41,13-03-2018,13,03,2018,2018/03/13,Corporate,70.33,Not_Canceled
INN00596,3,0,1,4,Meal Plan 1,Room_Type 4,84,15-06-2018,15,06,2018,2018/06/15,Online,170.1,Not_Canceled
INN00597,2,0,0,2,Meal Plan 1,Room_Type 1,245,17-06-2018,17,06,2018,2018/06/17,Online,75,Canceled
INN00598,2,0,0,3,Meal Plan 1,Room_Type 4,27,29-06-2018,29,06,2018,2018/06/29,Online,125.25,Not_Canceled
INN00599,2,0,3,7,Meal Plan 1,Room_Type 1,74,27-07-2017,27,07,2017,2017/07/27,Online,55.9,Not_Canceled
INN00600,2,0,1,2,Meal Plan 1,Room_Type 1,85,20-06-2018,20,06,2018,2018/06/20,Online,126.9,Canceled
INN00601,2,0,0,2,Not Selected,Room_Type 1,6,26-02-2018,26,02,2018,2018/02/26,Online,79,Canceled
INN00602,2,0,2,3,Meal Plan 1,Room_Type 1,256,23-10-2018,23,10,2018,2018/10/23,Online,94.35,Canceled
INN00603,2,0,0,2,Meal Plan 2,Room_Type 1,265,24-06-2018,24,06,2018,2018/06/24,Online,109,Canceled
INN00604,2,0,2,3,Meal Plan 1,Room_Type 4,64,15-04-2018,15,04,2018,2018/04/15,Online,112.2,Not_Canceled
INN00605,1,0,0,1,Meal Plan 1,Room_Type 1,0,10/1/2017,10,01,2017,2017/01/10,Corporate,109,Not_Canceled
INN00606,1,0,0,2,Meal Plan 1,Room_Type 1,91,14-09-2018,14,09,2018,2018/09/14,Corporate,65,Not_Canceled
INN00607,2,0,1,3,Meal Plan 1,Room_Type 1,127,28-04-2018,28,04,2018,2018/04/28,Offline,90,Not_Canceled
INN00608,2,0,0,3,Meal Plan 1,Room_Type 1,73,14-07-2018,14,07,2018,2018/07/14,Offline,85,Not_Canceled
INN00609,2,0,0,4,Meal Plan 1,Room_Type 1,36,28-12-2018,28,12,2018,2018/12/28,Online,168.73,Not_Canceled
INN00610,2,0,1,3,Meal Plan 1,Room_Type 1,17,12/8/2018,12,08,2018,2018/08/12,Online,100.38,Not_Canceled
INN00611,2,0,2,5,Meal Plan 1,Room_Type 1,164,27-07-2018,27,07,2018,2018/07/27,Online,99.45,Canceled
INN00612,2,0,0,1,Meal Plan 1,Room_Type 1,0,27-09-2018,27,09,2018,2018/09/27,Corporate,160,Not_Canceled
INN00613,2,0,2,1,Meal Plan 1,Room_Type 1,37,10/2/2018,10,02,2018,2018/02/10,Online,126,Not_Canceled
INN00614,3,0,1,2,Meal Plan 1,Room_Type 1,191,8/1/2018,8,01,2018,2018/01/08,Offline,96.9,Not_Canceled
INN00615,2,2,2,4,Meal Plan 1,Room_Type 2,33,17-10-2017,17,10,2017,2017/10/17,Online,95,Not_Canceled
INN00616,2,0,2,1,Meal Plan 1,Room_Type 1,32,9/5/2017,9,05,2017,2017/05/09,Online,94.5,Not_Canceled
INN00617,1,0,1,1,Meal Plan 1,Room_Type 1,3,9/7/2017,9,07,2017,2017/07/09,Offline,98.8,Not_Canceled
INN00618,2,0,2,1,Not Selected,Room_Type 1,53,7/10/2018,7,10,2018,2018/10/07,Online,100.5,Not_Canceled
INN00619,2,0,1,0,Meal Plan 2,Room_Type 7,8,19-06-2018,19,06,2018,2018/06/19,Complementary,0,Not_Canceled
INN00620,2,0,2,1,Meal Plan 1,Room_Type 1,107,29-05-2018,29,05,2018,2018/05/29,Online,80.75,Canceled
INN00621,2,0,0,1,Meal Plan 2,Room_Type 1,55,4/6/2018,4,06,2018,2018/06/04,Offline,104,Not_Canceled
INN00622,2,0,1,2,Meal Plan 1,Room_Type 1,84,29-04-2018,29,04,2018,2018/04/29,Offline,89.75,Not_Canceled
INN00623,2,2,0,2,Meal Plan 1,Room_Type 6,0,25-08-2017,25,08,2017,2017/08/25,Online,156,Not_Canceled
INN00624,2,0,1,1,Meal Plan 1,Room_Type 4,1,6/11/2018,6,11,2018,2018/11/06,Online,136,Not_Canceled
INN00625,2,0,0,2,Meal Plan 1,Room_Type 1,29,12/2/2018,12,02,2018,2018/02/12,Corporate,85,Not_Canceled
INN00626,2,0,0,4,Meal Plan 1,Room_Type 4,41,14-10-2017,14,10,2017,2017/10/14,Online,87.54,Not_Canceled
INN00627,2,0,0,2,Meal Plan 1,Room_Type 1,86,9/9/2017,9,09,2017,2017/09/09,Corporate,100,Not_Canceled
INN00628,2,0,2,2,Meal Plan 1,Room_Type 1,167,10/1/2018,10,01,2018,2018/01/10,Online,108.9,Canceled
INN00629,2,0,0,3,Not Selected,Room_Type 1,34,14-06-2018,14,06,2018,2018/06/14,Online,107.1,Not_Canceled
INN00630,2,0,1,2,Meal Plan 1,Room_Type 1,101,4/4/2018,4,04,2018,2018/04/04,Online,80,Canceled
INN00631,2,0,0,3,Meal Plan 1,Room_Type 1,259,5/5/2018,5,05,2018,2018/05/05,Online,90,Canceled
INN00632,2,0,0,2,Meal Plan 1,Room_Type 1,122,5/12/2018,5,12,2018,2018/12/05,Online,105.3,Not_Canceled
INN00633,2,0,0,1,Not Selected,Room_Type 1,1,2/11/2018,2,11,2018,2018/11/02,Online,80,Not_Canceled
INN00634,2,0,0,2,Meal Plan 1,Room_Type 4,107,25-08-2018,25,08,2018,2018/08/25,Online,142.2,Not_Canceled
INN00635,2,0,0,3,Meal Plan 1,Room_Type 4,35,4/5/2018,4,05,2018,2018/05/04,Online,131.4,Not_Canceled
INN00636,1,0,0,2,Meal Plan 1,Room_Type 1,192,24-06-2018,24,06,2018,2018/06/24,Offline,95,Not_Canceled
INN00637,2,0,0,2,Meal Plan 1,Room_Type 1,4,4/1/2018,4,01,2018,2018/01/04,Online,111,Canceled
INN00638,2,0,1,3,Meal Plan 1,Room_Type 1,85,10/6/2018,10,06,2018,2018/06/10,Offline,85,Not_Canceled
INN00639,3,0,0,4,Meal Plan 1,Room_Type 4,137,24-08-2018,24,08,2018,2018/08/24,Online,130.95,Canceled
INN00640,2,0,0,2,Meal Plan 2,Room_Type 1,74,18-09-2017,18,09,2017,2017/09/18,Offline,101.5,Not_Canceled
INN00641,1,0,2,1,Meal Plan 1,Room_Type 1,116,28-02-2018,28,02,2018,2018/02/28,Offline,82,Not_Canceled
INN00642,2,0,2,2,Meal Plan 1,Room_Type 1,34,13-09-2017,13,09,2017,2017/09/13,Online,94.5,Not_Canceled
INN00643,2,0,2,1,Meal Plan 1,Room_Type 1,56,28-08-2018,28,08,2018,2018/08/28,Online,109.8,Canceled
INN00644,2,0,2,4,Meal Plan 1,Room_Type 1,149,7/10/2018,7,10,2018,2018/10/07,Online,72.25,Canceled
INN00645,2,0,2,2,Not Selected,Room_Type 1,12,2/6/2018,2,06,2018,2018/06/02,Online,55.72,Not_Canceled
INN00646,3,0,1,1,Meal Plan 1,Room_Type 4,52,17-10-2018,17,10,2018,2018/10/17,Online,158.4,Canceled
INN00647,2,0,1,4,Meal Plan 1,Room_Type 4,191,30-03-2018,30,03,2018,2018/03/30,Offline,69,Not_Canceled
INN00648,2,0,0,3,Meal Plan 1,Room_Type 1,37,13-10-2018,13,10,2018,2018/10/13,Offline,105,Not_Canceled
INN00649,2,0,0,3,Meal Plan 1,Room_Type 4,57,29-12-2018,29,12,2018,2018/12/29,Online,219.6,Canceled
INN00650,1,0,2,3,Meal Plan 1,Room_Type 1,9,1/8/2018,1,08,2018,2018/08/01,Offline,44.8,Not_Canceled
INN00651,2,0,0,1,Not Selected,Room_Type 1,7,26-10-2018,26,10,2018,2018/10/26,Online,120,Not_Canceled
INN00652,2,0,1,2,Meal Plan 1,Room_Type 1,78,25-03-2018,25,03,2018,2018/03/25,Online,100,Canceled
INN00653,2,0,0,1,Not Selected,Room_Type 1,0,6/7/2018,6,07,2018,2018/07/06,Online,109,Not_Canceled
INN00654,0,2,1,2,Meal Plan 1,Room_Type 2,78,19-08-2018,19,08,2018,2018/08/19,Online,115.68,Not_Canceled
INN00655,2,0,1,2,Meal Plan 1,Room_Type 1,31,16-09-2018,16,09,2018,2018/09/16,Offline,75,Not_Canceled
INN00656,2,0,0,2,Meal Plan 2,Room_Type 5,37,17-06-2018,17,06,2018,2018/06/17,Offline,134.1,Not_Canceled
INN00657,2,0,2,1,Meal Plan 1,Room_Type 4,8,29-05-2018,29,05,2018,2018/05/29,Online,124.1,Not_Canceled
INN00658,4,0,0,2,Meal Plan 1,Room_Type 7,32,17-08-2018,17,08,2018,2018/08/17,Online,214.75,Not_Canceled
INN00659,2,0,1,2,Meal Plan 1,Room_Type 1,48,31-10-2018,31,10,2018,2018/10/31,Offline,75,Not_Canceled
INN00660,2,0,1,2,Meal Plan 1,Room_Type 1,89,23-11-2017,23,11,2017,2017/11/23,Online,72.25,Not_Canceled
INN00661,1,0,1,0,Meal Plan 1,Room_Type 1,0,3/7/2018,3,07,2018,2018/07/03,Corporate,80,Not_Canceled
INN00662,2,0,0,1,Meal Plan 1,Room_Type 1,15,20-09-2018,20,09,2018,2018/09/20,Online,139,Not_Canceled
INN00663,1,0,0,1,Meal Plan 1,Room_Type 1,10,28-01-2018,28,01,2018,2018/01/28,Corporate,66,Not_Canceled
INN00664,1,0,0,3,Meal Plan 1,Room_Type 1,43,31-05-2018,31,05,2018,2018/05/31,Online,115.5,Not_Canceled
INN00665,2,1,1,1,Meal Plan 1,Room_Type 1,27,8/8/2018,8,08,2018,2018/08/08,Online,195.5,Not_Canceled
INN00666,2,0,2,0,Meal Plan 2,Room_Type 1,386,23-10-2018,23,10,2018,2018/10/23,Online,115,Canceled
INN00667,1,0,0,1,Meal Plan 2,Room_Type 1,72,18-09-2017,18,09,2017,2017/09/18,Offline,84,Not_Canceled
INN00668,2,0,2,1,Not Selected,Room_Type 1,10,16-10-2018,16,10,2018,2018/10/16,Online,107.8,Not_Canceled
INN00669,2,0,0,3,Meal Plan 1,Room_Type 1,37,13-10-2018,13,10,2018,2018/10/13,Offline,105,Not_Canceled
INN00670,2,0,2,3,Meal Plan 1,Room_Type 1,170,4/8/2018,4,08,2018,2018/08/04,Offline,78,Not_Canceled
INN00671,1,0,0,2,Meal Plan 2,Room_Type 1,265,24-06-2018,24,06,2018,2018/06/24,Offline,90,Not_Canceled
INN00672,2,0,1,1,Not Selected,Room_Type 1,49,7/9/2018,7,09,2018,2018/09/07,Online,105.3,Canceled
INN00673,2,0,0,3,Meal Plan 1,Room_Type 1,51,25-02-2018,25,02,2018,2018/02/25,Online,80.3,Not_Canceled
INN00674,1,0,1,0,Meal Plan 2,Room_Type 1,3,2/8/2018,2,08,2018,2018/08/02,Online,129,Not_Canceled
INN00675,2,0,0,2,Meal Plan 2,Room_Type 1,265,24-06-2018,24,06,2018,2018/06/24,Online,115,Canceled
INN00676,2,0,2,0,Not Selected,Room_Type 1,34,9/11/2018,9,11,2018,2018/11/09,Online,125.1,Not_Canceled
INN00677,2,0,0,1,Meal Plan 1,Room_Type 1,1,27-02-2018,27,02,2018,2018/02/27,Online,103,Not_Canceled
INN00678,2,0,2,0,Not Selected,Room_Type 1,77,5/1/2018,5,01,2018,2018/01/05,Online,125.1,Not_Canceled
INN00679,1,0,2,5,Not Selected,Room_Type 1,60,17-06-2018,17,06,2018,2018/06/17,Online,96.17,Canceled
INN00680,2,0,2,2,Meal Plan 1,Room_Type 1,56,25-09-2017,25,09,2017,2017/09/25,Offline,185,Not_Canceled
INN00681,2,0,2,0,Not Selected,Room_Type 1,0,6/12/2018,6,12,2018,2018/12/06,Online,69.74,Not_Canceled
INN00682,2,2,2,3,Meal Plan 1,Room_Type 6,136,7/9/2018,7,09,2018,2018/09/07,Online,172.55,Canceled
INN00683,1,0,0,3,Meal Plan 1,Room_Type 1,4,28-01-2018,28,01,2018,2018/01/28,Online,95,Not_Canceled
INN00684,2,1,1,2,Meal Plan 2,Room_Type 1,68,9/9/2018,9,09,2018,2018/09/09,Online,166.35,Not_Canceled
INN00685,2,0,0,1,Not Selected,Room_Type 1,1,18-11-2018,18,11,2018,2018/11/18,Online,108,Not_Canceled
INN00686,2,0,1,3,Meal Plan 1,Room_Type 4,61,21-03-2018,21,03,2018,2018/03/21,Online,102,Not_Canceled
INN00687,2,0,1,2,Meal Plan 1,Room_Type 7,40,13-05-2018,13,05,2018,2018/05/13,Online,203.73,Not_Canceled
INN00688,2,0,2,5,Not Selected,Room_Type 1,6,17-11-2018,17,11,2018,2018/11/17,Online,78.69,Canceled
INN00689,2,0,0,3,Not Selected,Room_Type 1,58,11/3/2018,11,03,2018,2018/03/11,Online,79.2,Canceled
INN00690,1,0,0,2,Meal Plan 1,Room_Type 1,35,16-03-2018,16,03,2018,2018/03/16,Online,76.5,Not_Canceled
INN00691,2,0,0,2,Meal Plan 1,Room_Type 1,177,6/3/2018,6,03,2018,2018/03/06,Online,100,Canceled
INN00692,2,0,0,4,Meal Plan 1,Room_Type 1,13,14-12-2018,14,12,2018,2018/12/14,Online,88.4,Not_Canceled
INN00693,1,0,2,4,Meal Plan 1,Room_Type 1,245,7/6/2018,7,06,2018,2018/06/07,Online,110,Canceled
INN00694,2,0,1,2,Meal Plan 1,Room_Type 4,189,28-10-2018,28,10,2018,2018/10/28,Online,109.8,Canceled
INN00695,2,0,2,1,Meal Plan 1,Room_Type 1,271,12/3/2018,12,03,2018,2018/03/12,Offline,78.3,Not_Canceled
INN00696,2,0,0,2,Meal Plan 2,Room_Type 1,257,7/1/2017,7,01,2017,2017/01/07,Online,101.5,Canceled
INN00697,2,0,2,4,Not Selected,Room_Type 1,207,28-07-2018,28,07,2018,2018/07/28,Online,80.75,Not_Canceled
INN00698,2,0,2,2,Meal Plan 1,Room_Type 1,108,25-12-2018,25,12,2018,2018/12/25,Online,104,Not_Canceled
INN00699,2,0,0,3,Not Selected,Room_Type 1,39,15-03-2018,15,03,2018,2018/03/15,Online,51.19,Not_Canceled
INN00700,2,1,0,1,Meal Plan 1,Room_Type 1,11,11/5/2018,11,05,2018,2018/05/11,Online,150,Canceled
